Code,Title,Description
scheduled,Scheduled,This milestone has been scheduled for the date in milestone.dueDate. Progress towards the milestone has not yet been evaluated as of milestone.dateModified.
met,Met,This milestone has been achieved. The date on which it was met should be placed in the milestone.dateMet field.
notMet,Not met,This milestone had not been met at the date it was last reviewed (see milestone.dateModified).
partiallyMet,Partially met,This milestone was judged to have been partially met at the date it was last reviewed (see milestone.dateModified).
