Code,Title,Description
electronicSubmission,Electronic submission,Bids will be received through an electronic procurement platform.
electronicAuction,Electronic auction,Bids will be received through an electronic auction platform.
written,Written,"Bids will be received via written documents, delivered as hard copies, via generic e-mail systems, or some similar mechanism."
inPerson,In person,Bids will only be received if they are hand delivered at the time and place specified in submissionMethodDetails or attached documentation.
