Code,Title,Description
planning,Planning,"A future contracting process is being considered. Early information about the process can be provided in the tender section. A process with this status might provide information on early engagement or consultation opportunities, during which the details of a subsequent tender can be shaped."
planned,Planned,"A contracting process is scheduled, but is not yet taking place. Details of the anticipated dates can be provided in the tender block."
active,Active,A tender process is currently taking place.
cancelled,Cancelled,The tender process has been cancelled.
unsuccessful,Unsuccessful,The tender process was unsuccessful.
complete,Complete,The tender process is complete.
withdrawn,Withdrawn,No further information on this process is available under this ocid.
