{
  "uri": "https://standard.open-contracting.org/examples/releases/ocds-k50g02-13-9-368828-planning.json",
  "publisher": {
    "name": "Colombia Compra Eficiente"
  },
  "publishedDate": "2013-07-17T16:36:56.000Z",
  "version": "1.1",
  "releases": [
    {
      "date": "2013-07-17T16:36:56.000Z",
      "language": "es",
      "ocid": "ocds-k50g02-13-9-368828",
      "id": "13-9-368828-planning",
      "tag": [
        "planning"
      ],
      "initiationType": "tender",
      "parties": [
        {
          "name": "INSTITUTO NACIONAL PENITENCIARIO Y CARCELARIO (INPEC)",
          "roles": [
            "procuringEntity",
            "buyer"
          ],
          "address": {
            "countryName": "COLOMBIA",
            "region": "Bogotá D.C.",
            "streetAddress": "Calle 26 No. 27-48",
            "locality": "Bogotá D.C."
          },
          "contactPoint": {
            "email": "comando.ecarmeroguayabal@inpec.gov.co",
            "telephone": "(8) 2530814",
            "name": "DEISY ALEXANDRA GARAY"
          },
          "identifier": {
            "scheme": "CO-RUE",
            "id": "800215546",
            "legalName": "INSTITUTO NACIONAL PENITENCIARIO Y CARCELARIO (INPEC)"
          },
          "id": "800215546"
        }
      ],
      "buyer": {
        "id": "800215546",
        "name": "INSTITUTO NACIONAL PENITENCIARIO Y CARCELARIO (INPEC)"
      },
      "planning": {
        "budget": {
          "description": "ADQUISICION DE COLCHONETAS PARA LA DOTACION DESTINADOS A LA POBLACION INTERNA DEL EPMSC ARMERO GUAYABAL TOLIMA",
          "amount": {
            "amount": 6800000,
            "currency": "COP"
          }
        },
        "rationale": "ADQUISICION DE COLCHONETAS PARA LA DOTACION DESTINADOS A LA POBLACION INTERNA DEL EPMSC ARMERO GUAYABAL TOLIMA"
      },
      "tender": {
        "id": "13-9-368828",
        "status": "planned",
        "procurementMethod": "open",
        "description": "ADQUISICION DE COLCHONETAS PARA LA DOTACION DESTINADOS A LA POBLACION INTERNA DEL EPMSC ARMERO GUAYABAL TOLIMA",
        "title": "623-033-2013",
        "procuringEntity": {
          "id": "800215546",
          "name": "INSTITUTO NACIONAL PENITENCIARIO Y CARCELARIO (INPEC)"
        }
      }
    }
  ]
}
