{
  "uri": "https://standard.open-contracting.org/examples/records/ocds-23g63a01-200502.json",
  "publisher": {
    "name": "Zambia Public Procurement Authority"
  },
  "publishedDate": "",
  "version": "1.1",
  "packages": [
    "https://standard.open-contracting.org/examples/releases/ocds-23g63a01-200502-awardAmendment.json",
    "https://standard.open-contracting.org/examples/releases/ocds-23g63a01-200502-award.json"
  ],
  "records": [
    {
      "ocid": "ocds-23g63a01-200502",
      "releases": [
        {
          "language": "en",
          "ocid": "ocds-23g63a01-200502",
          "id": "ocds-23g63a01-200502-awardAmendment",
          "tag": [
            "awardAmendment"
          ],
          "initiationType": "tender",
          "date": "2019-01-21T09:00:00Z",
          "parties": [
            {
              "id": "ZM-PCR-001",
              "contactPoint": {
                "url": "http://www.Zamtel.zm",
                "faxNumber": "+260211256622",
                "telephone": "+260211333152",
                "email": "Customerservice@Zamtel.co.zm"
              },
              "identifier": {
                "id": "001",
                "scheme": "ZM-PCR",
                "legalName": "Zambia Telecommunications Company Limited"
              },
              "name": "Zambia Telecommunications Company Limited",
              "address": {
                "postalCode": "37000",
                "countryName": "Zambia",
                "region": "ZM",
                "streetAddress": "Zamtel House, Corner Church and Chilubi Roads",
                "locality": "Lusaka"
              },
              "roles": [
                "buyer"
              ]
            },
            {
              "id": "ZM-PCR-104500",
              "name": "Joziel General Dealers Ltd",
              "contactPoint": {
                "telephone": "+260978552867"
              },
              "identifier": {
                "scheme": "ZM-PCR",
                "id": "104500",
                "uri": "https://www.pacra.org.zm/#/p/pacrasearch/",
                "legalName": "Joziel General Dealers Ltd"
              },
              "address": {
                "postalCode": "",
                "countryName": "Zambia",
                "region": "ZM",
                "streetAddress": "Plot 17 Chaholi Road Rhodes Park",
                "locality": "Lusaka"
              },
              "roles": [
                "supplier"
              ]
            }
          ],
          "buyer": {
            "id": "ZM-PCR-001",
            "name": "Zambia Telecommunications Company Limited"
          },
          "awards": [
            {
              "status": "active",
              "description": "SUPPLY AND DELIVERY OF VARIOUS STATIONERY",
              "title": "SUPPLY AND DELIVERY OF VARIOUS STATIONERY",
              "items": [
                {
                  "unit": {
                    "name": "each"
                  },
                  "quantity": 30,
                  "description": "Notebooks",
                  "classification": {
                    "scheme": "UNSPSC",
                    "description": "Paper pads and notebooks",
                    "id": "14111514"
                  },
                  "id": "14111514"
                },
                {
                  "unit": {
                    "name": null
                  },
                  "quantity": null,
                  "description": null,
                  "classification": {
                    "scheme": null,
                    "description": null,
                    "id": null
                  },
                  "id": "14111500"
                },
                {
                  "unit": {
                    "name": "packet"
                  },
                  "quantity": 100,
                  "description": "Self adhesive note paper",
                  "classification": {
                    "scheme": "UNSPSC",
                    "description": "Self adhesive note paper",
                    "id": "14111530"
                  },
                  "id": "14111530"
                },
                {
                  "unit": {
                    "name": "each"
                  },
                  "quantity": 200,
                  "description": "Folders",
                  "classification": {
                    "scheme": "UNSPSC",
                    "description": "Folders",
                    "id": "44122011"
                  },
                  "id": "44122011"
                },
                {
                  "unit": {
                    "name": "Ream"
                  },
                  "quantity": 150,
                  "description": "Computer printout paper",
                  "classification": {
                    "scheme": "UNSPSC",
                    "description": "Computer printout paper",
                    "id": "14111506"
                  },
                  "id": "14111506"
                },
                {
                  "unit": {
                    "name": "Ream"
                  },
                  "quantity": 20,
                  "description": "Writing paper",
                  "classification": {
                    "scheme": "UNSPSC",
                    "description": "Writing paper",
                    "id": "14111511"
                  },
                  "id": "14111511"
                }
              ],
              "suppliers": [
                {
                  "id": "ZM-PCR-104500",
                  "name": "Joziel General Dealers Ltd"
                }
              ],
              "value": {
                "currency": "ZMW",
                "amount": 13452.0
              },
              "amendments": [
                {
                  "id": "001",
                  "description": "One awarded item has been removed in favor of other two ones.",
                  "rationale": "Items have been changed after negociations with the awarded supplier.",
                  "amendsReleaseID": "ocds-23g63a01-200502-award"
                }
              ],
              "date": "2018-12-31T06:40:57Z",
              "id": "1201"
            }
          ]
        },
        {
          "language": "en",
          "ocid": "ocds-23g63a01-200502",
          "id": "ocds-23g63a01-200502-award",
          "tag": [
            "award"
          ],
          "initiationType": "tender",
          "date": "2018-12-31T23:00:00Z",
          "parties": [
            {
              "id": "ZM-PCR-001",
              "contactPoint": {
                "url": "http://www.Zamtel.zm",
                "faxNumber": "+260211256622",
                "telephone": "+260211333152",
                "email": "Customerservice@Zamtel.co.zm"
              },
              "identifier": {
                "id": "001",
                "scheme": "ZM-PCR",
                "legalName": "Zambia Telecommunications Company Limited"
              },
              "name": "Zambia Telecommunications Company Limited",
              "address": {
                "postalCode": "37000",
                "countryName": "Zambia",
                "region": "ZM",
                "streetAddress": "Zamtel House, Corner Church and Chilubi Roads",
                "locality": "Lusaka"
              },
              "roles": [
                "buyer"
              ]
            },
            {
              "id": "ZM-PCR-104500",
              "name": "Joziel General Dealers Ltd",
              "contactPoint": {
                "telephone": "+260978552867"
              },
              "identifier": {
                "scheme": "ZM-PCR",
                "id": "104500",
                "uri": "https://www.pacra.org.zm/#/p/pacrasearch/",
                "legalName": "Joziel General Dealers Ltd"
              },
              "address": {
                "postalCode": "",
                "countryName": "Zambia",
                "region": "ZM",
                "streetAddress": "Plot 17 Chaholi Road Rhodes Park",
                "locality": "Lusaka"
              },
              "roles": [
                "supplier"
              ]
            }
          ],
          "buyer": {
            "id": "ZM-PCR-001",
            "name": "Zambia Telecommunications Company Limited"
          },
          "awards": [
            {
              "status": "active",
              "description": "SUPPLY AND DELIVERY OF VARIOUS STATIONERY",
              "title": "SUPPLY AND DELIVERY OF VARIOUS STATIONERY",
              "items": [
                {
                  "unit": {
                    "name": "each"
                  },
                  "quantity": 30,
                  "description": "Notebooks",
                  "classification": {
                    "scheme": "UNSPSC",
                    "description": "Paper pads and notebooks",
                    "id": "14111514"
                  },
                  "id": "14111514"
                },
                {
                  "unit": {
                    "name": "Ream"
                  },
                  "quantity": 130,
                  "description": "Printing and writing paper",
                  "classification": {
                    "scheme": "UNSPSC",
                    "description": "Printing and writing paper",
                    "id": "14111500"
                  },
                  "id": "14111500"
                },
                {
                  "unit": {
                    "name": "packet"
                  },
                  "quantity": 100,
                  "description": "Self adhesive note paper",
                  "classification": {
                    "scheme": "UNSPSC",
                    "description": "Self adhesive note paper",
                    "id": "14111530"
                  },
                  "id": "14111530"
                },
                {
                  "unit": {
                    "name": "each"
                  },
                  "quantity": 200,
                  "description": "Folders",
                  "classification": {
                    "scheme": "UNSPSC",
                    "description": "Folders",
                    "id": "44122011"
                  },
                  "id": "44122011"
                }
              ],
              "suppliers": [
                {
                  "id": "ZM-PCR-104500",
                  "name": "Joziel General Dealers Ltd"
                }
              ],
              "value": {
                "currency": "ZMW",
                "amount": 13363.23
              },
              "date": "2018-12-31T06:40:57Z",
              "id": "1201"
            }
          ]
        }
      ],
      "compiledRelease": {
        "tag": [
          "compiled"
        ],
        "id": "ocds-23g63a01-200502-2019-01-21T09:00:00Z",
        "date": "2019-01-21T09:00:00Z",
        "ocid": "ocds-23g63a01-200502",
        "language": "en",
        "initiationType": "tender",
        "parties": [
          {
            "id": "ZM-PCR-001",
            "contactPoint": {
              "url": "http://www.Zamtel.zm",
              "faxNumber": "+260211256622",
              "telephone": "+260211333152",
              "email": "Customerservice@Zamtel.co.zm"
            },
            "identifier": {
              "id": "001",
              "scheme": "ZM-PCR",
              "legalName": "Zambia Telecommunications Company Limited"
            },
            "name": "Zambia Telecommunications Company Limited",
            "address": {
              "postalCode": "37000",
              "countryName": "Zambia",
              "region": "ZM",
              "streetAddress": "Zamtel House, Corner Church and Chilubi Roads",
              "locality": "Lusaka"
            },
            "roles": [
              "buyer"
            ]
          },
          {
            "id": "ZM-PCR-104500",
            "name": "Joziel General Dealers Ltd",
            "contactPoint": {
              "telephone": "+260978552867"
            },
            "identifier": {
              "scheme": "ZM-PCR",
              "id": "104500",
              "uri": "https://www.pacra.org.zm/#/p/pacrasearch/",
              "legalName": "Joziel General Dealers Ltd"
            },
            "address": {
              "postalCode": "",
              "countryName": "Zambia",
              "region": "ZM",
              "streetAddress": "Plot 17 Chaholi Road Rhodes Park",
              "locality": "Lusaka"
            },
            "roles": [
              "supplier"
            ]
          }
        ],
        "buyer": {
          "id": "ZM-PCR-001",
          "name": "Zambia Telecommunications Company Limited"
        },
        "awards": [
          {
            "id": "1201",
            "status": "active",
            "description": "SUPPLY AND DELIVERY OF VARIOUS STATIONERY",
            "title": "SUPPLY AND DELIVERY OF VARIOUS STATIONERY",
            "items": [
              {
                "id": "14111514",
                "unit": {
                  "name": "each"
                },
                "quantity": 30,
                "description": "Notebooks",
                "classification": {
                  "scheme": "UNSPSC",
                  "description": "Paper pads and notebooks",
                  "id": "14111514"
                }
              },
              {
                "id": "14111500",
                "unit": {},
                "classification": {}
              },
              {
                "id": "14111530",
                "unit": {
                  "name": "packet"
                },
                "quantity": 100,
                "description": "Self adhesive note paper",
                "classification": {
                  "scheme": "UNSPSC",
                  "description": "Self adhesive note paper",
                  "id": "14111530"
                }
              },
              {
                "id": "44122011",
                "unit": {
                  "name": "each"
                },
                "quantity": 200,
                "description": "Folders",
                "classification": {
                  "scheme": "UNSPSC",
                  "description": "Folders",
                  "id": "44122011"
                }
              },
              {
                "id": "14111506",
                "unit": {
                  "name": "Ream"
                },
                "quantity": 150,
                "description": "Computer printout paper",
                "classification": {
                  "scheme": "UNSPSC",
                  "description": "Computer printout paper",
                  "id": "14111506"
                }
              },
              {
                "id": "14111511",
                "unit": {
                  "name": "Ream"
                },
                "quantity": 20,
                "description": "Writing paper",
                "classification": {
                  "scheme": "UNSPSC",
                  "description": "Writing paper",
                  "id": "14111511"
                }
              }
            ],
            "suppliers": [
              {
                "id": "ZM-PCR-104500",
                "name": "Joziel General Dealers Ltd"
              }
            ],
            "value": {
              "currency": "ZMW",
              "amount": 13452.0
            },
            "date": "2018-12-31T06:40:57Z",
            "amendments": [
              {
                "id": "001",
                "description": "One awarded item has been removed in favor of other two ones.",
                "rationale": "Items have been changed after negociations with the awarded supplier.",
                "amendsReleaseID": "ocds-23g63a01-200502-award"
              }
            ]
          }
        ]
      },
      "versionedRelease": {
        "ocid": "ocds-23g63a01-200502",
        "language": [
          {
            "releaseID": "ocds-23g63a01-200502-award",
            "releaseDate": "2018-12-31T23:00:00Z",
            "releaseTag": [
              "award"
            ],
            "value": "en"
          }
        ],
        "initiationType": [
          {
            "releaseID": "ocds-23g63a01-200502-award",
            "releaseDate": "2018-12-31T23:00:00Z",
            "releaseTag": [
              "award"
            ],
            "value": "tender"
          }
        ],
        "parties": [
          {
            "id": "ZM-PCR-001",
            "contactPoint": {
              "url": [
                {
                  "releaseID": "ocds-23g63a01-200502-award",
                  "releaseDate": "2018-12-31T23:00:00Z",
                  "releaseTag": [
                    "award"
                  ],
                  "value": "http://www.Zamtel.zm"
                }
              ],
              "faxNumber": [
                {
                  "releaseID": "ocds-23g63a01-200502-award",
                  "releaseDate": "2018-12-31T23:00:00Z",
                  "releaseTag": [
                    "award"
                  ],
                  "value": "+260211256622"
                }
              ],
              "telephone": [
                {
                  "releaseID": "ocds-23g63a01-200502-award",
                  "releaseDate": "2018-12-31T23:00:00Z",
                  "releaseTag": [
                    "award"
                  ],
                  "value": "+260211333152"
                }
              ],
              "email": [
                {
                  "releaseID": "ocds-23g63a01-200502-award",
                  "releaseDate": "2018-12-31T23:00:00Z",
                  "releaseTag": [
                    "award"
                  ],
                  "value": "Customerservice@Zamtel.co.zm"
                }
              ]
            },
            "identifier": {
              "id": [
                {
                  "releaseID": "ocds-23g63a01-200502-award",
                  "releaseDate": "2018-12-31T23:00:00Z",
                  "releaseTag": [
                    "award"
                  ],
                  "value": "001"
                }
              ],
              "scheme": [
                {
                  "releaseID": "ocds-23g63a01-200502-award",
                  "releaseDate": "2018-12-31T23:00:00Z",
                  "releaseTag": [
                    "award"
                  ],
                  "value": "ZM-PCR"
                }
              ],
              "legalName": [
                {
                  "releaseID": "ocds-23g63a01-200502-award",
                  "releaseDate": "2018-12-31T23:00:00Z",
                  "releaseTag": [
                    "award"
                  ],
                  "value": "Zambia Telecommunications Company Limited"
                }
              ]
            },
            "name": [
              {
                "releaseID": "ocds-23g63a01-200502-award",
                "releaseDate": "2018-12-31T23:00:00Z",
                "releaseTag": [
                  "award"
                ],
                "value": "Zambia Telecommunications Company Limited"
              }
            ],
            "address": {
              "postalCode": [
                {
                  "releaseID": "ocds-23g63a01-200502-award",
                  "releaseDate": "2018-12-31T23:00:00Z",
                  "releaseTag": [
                    "award"
                  ],
                  "value": "37000"
                }
              ],
              "countryName": [
                {
                  "releaseID": "ocds-23g63a01-200502-award",
                  "releaseDate": "2018-12-31T23:00:00Z",
                  "releaseTag": [
                    "award"
                  ],
                  "value": "Zambia"
                }
              ],
              "region": [
                {
                  "releaseID": "ocds-23g63a01-200502-award",
                  "releaseDate": "2018-12-31T23:00:00Z",
                  "releaseTag": [
                    "award"
                  ],
                  "value": "ZM"
                }
              ],
              "streetAddress": [
                {
                  "releaseID": "ocds-23g63a01-200502-award",
                  "releaseDate": "2018-12-31T23:00:00Z",
                  "releaseTag": [
                    "award"
                  ],
                  "value": "Zamtel House, Corner Church and Chilubi Roads"
                }
              ],
              "locality": [
                {
                  "releaseID": "ocds-23g63a01-200502-award",
                  "releaseDate": "2018-12-31T23:00:00Z",
                  "releaseTag": [
                    "award"
                  ],
                  "value": "Lusaka"
                }
              ]
            },
            "roles": [
              {
                "releaseID": "ocds-23g63a01-200502-award",
                "releaseDate": "2018-12-31T23:00:00Z",
                "releaseTag": [
                  "award"
                ],
                "value": [
                  "buyer"
                ]
              }
            ]
          },
          {
            "id": "ZM-PCR-104500",
            "name": [
              {
                "releaseID": "ocds-23g63a01-200502-award",
                "releaseDate": "2018-12-31T23:00:00Z",
                "releaseTag": [
                  "award"
                ],
                "value": "Joziel General Dealers Ltd"
              }
            ],
            "contactPoint": {
              "telephone": [
                {
                  "releaseID": "ocds-23g63a01-200502-award",
                  "releaseDate": "2018-12-31T23:00:00Z",
                  "releaseTag": [
                    "award"
                  ],
                  "value": "+260978552867"
                }
              ]
            },
            "identifier": {
              "scheme": [
                {
                  "releaseID": "ocds-23g63a01-200502-award",
                  "releaseDate": "2018-12-31T23:00:00Z",
                  "releaseTag": [
                    "award"
                  ],
                  "value": "ZM-PCR"
                }
              ],
              "id": [
                {
                  "releaseID": "ocds-23g63a01-200502-award",
                  "releaseDate": "2018-12-31T23:00:00Z",
                  "releaseTag": [
                    "award"
                  ],
                  "value": "104500"
                }
              ],
              "uri": [
                {
                  "releaseID": "ocds-23g63a01-200502-award",
                  "releaseDate": "2018-12-31T23:00:00Z",
                  "releaseTag": [
                    "award"
                  ],
                  "value": "https://www.pacra.org.zm/#/p/pacrasearch/"
                }
              ],
              "legalName": [
                {
                  "releaseID": "ocds-23g63a01-200502-award",
                  "releaseDate": "2018-12-31T23:00:00Z",
                  "releaseTag": [
                    "award"
                  ],
                  "value": "Joziel General Dealers Ltd"
                }
              ]
            },
            "address": {
              "postalCode": [
                {
                  "releaseID": "ocds-23g63a01-200502-award",
                  "releaseDate": "2018-12-31T23:00:00Z",
                  "releaseTag": [
                    "award"
                  ],
                  "value": ""
                }
              ],
              "countryName": [
                {
                  "releaseID": "ocds-23g63a01-200502-award",
                  "releaseDate": "2018-12-31T23:00:00Z",
                  "releaseTag": [
                    "award"
                  ],
                  "value": "Zambia"
                }
              ],
              "region": [
                {
                  "releaseID": "ocds-23g63a01-200502-award",
                  "releaseDate": "2018-12-31T23:00:00Z",
                  "releaseTag": [
                    "award"
                  ],
                  "value": "ZM"
                }
              ],
              "streetAddress": [
                {
                  "releaseID": "ocds-23g63a01-200502-award",
                  "releaseDate": "2018-12-31T23:00:00Z",
                  "releaseTag": [
                    "award"
                  ],
                  "value": "Plot 17 Chaholi Road Rhodes Park"
                }
              ],
              "locality": [
                {
                  "releaseID": "ocds-23g63a01-200502-award",
                  "releaseDate": "2018-12-31T23:00:00Z",
                  "releaseTag": [
                    "award"
                  ],
                  "value": "Lusaka"
                }
              ]
            },
            "roles": [
              {
                "releaseID": "ocds-23g63a01-200502-award",
                "releaseDate": "2018-12-31T23:00:00Z",
                "releaseTag": [
                  "award"
                ],
                "value": [
                  "supplier"
                ]
              }
            ]
          }
        ],
        "buyer": {
          "id": [
            {
              "releaseID": "ocds-23g63a01-200502-award",
              "releaseDate": "2018-12-31T23:00:00Z",
              "releaseTag": [
                "award"
              ],
              "value": "ZM-PCR-001"
            }
          ],
          "name": [
            {
              "releaseID": "ocds-23g63a01-200502-award",
              "releaseDate": "2018-12-31T23:00:00Z",
              "releaseTag": [
                "award"
              ],
              "value": "Zambia Telecommunications Company Limited"
            }
          ]
        },
        "awards": [
          {
            "id": "1201",
            "status": [
              {
                "releaseID": "ocds-23g63a01-200502-award",
                "releaseDate": "2018-12-31T23:00:00Z",
                "releaseTag": [
                  "award"
                ],
                "value": "active"
              }
            ],
            "description": [
              {
                "releaseID": "ocds-23g63a01-200502-award",
                "releaseDate": "2018-12-31T23:00:00Z",
                "releaseTag": [
                  "award"
                ],
                "value": "SUPPLY AND DELIVERY OF VARIOUS STATIONERY"
              }
            ],
            "title": [
              {
                "releaseID": "ocds-23g63a01-200502-award",
                "releaseDate": "2018-12-31T23:00:00Z",
                "releaseTag": [
                  "award"
                ],
                "value": "SUPPLY AND DELIVERY OF VARIOUS STATIONERY"
              }
            ],
            "items": [
              {
                "id": "14111514",
                "unit": {
                  "name": [
                    {
                      "releaseID": "ocds-23g63a01-200502-award",
                      "releaseDate": "2018-12-31T23:00:00Z",
                      "releaseTag": [
                        "award"
                      ],
                      "value": "each"
                    }
                  ]
                },
                "quantity": [
                  {
                    "releaseID": "ocds-23g63a01-200502-award",
                    "releaseDate": "2018-12-31T23:00:00Z",
                    "releaseTag": [
                      "award"
                    ],
                    "value": 30
                  }
                ],
                "description": [
                  {
                    "releaseID": "ocds-23g63a01-200502-award",
                    "releaseDate": "2018-12-31T23:00:00Z",
                    "releaseTag": [
                      "award"
                    ],
                    "value": "Notebooks"
                  }
                ],
                "classification": {
                  "scheme": [
                    {
                      "releaseID": "ocds-23g63a01-200502-award",
                      "releaseDate": "2018-12-31T23:00:00Z",
                      "releaseTag": [
                        "award"
                      ],
                      "value": "UNSPSC"
                    }
                  ],
                  "description": [
                    {
                      "releaseID": "ocds-23g63a01-200502-award",
                      "releaseDate": "2018-12-31T23:00:00Z",
                      "releaseTag": [
                        "award"
                      ],
                      "value": "Paper pads and notebooks"
                    }
                  ],
                  "id": [
                    {
                      "releaseID": "ocds-23g63a01-200502-award",
                      "releaseDate": "2018-12-31T23:00:00Z",
                      "releaseTag": [
                        "award"
                      ],
                      "value": "14111514"
                    }
                  ]
                }
              },
              {
                "id": "14111500",
                "unit": {
                  "name": [
                    {
                      "releaseID": "ocds-23g63a01-200502-award",
                      "releaseDate": "2018-12-31T23:00:00Z",
                      "releaseTag": [
                        "award"
                      ],
                      "value": "Ream"
                    },
                    {
                      "releaseID": "ocds-23g63a01-200502-awardAmendment",
                      "releaseDate": "2019-01-21T09:00:00Z",
                      "releaseTag": [
                        "awardAmendment"
                      ],
                      "value": null
                    }
                  ]
                },
                "quantity": [
                  {
                    "releaseID": "ocds-23g63a01-200502-award",
                    "releaseDate": "2018-12-31T23:00:00Z",
                    "releaseTag": [
                      "award"
                    ],
                    "value": 130
                  },
                  {
                    "releaseID": "ocds-23g63a01-200502-awardAmendment",
                    "releaseDate": "2019-01-21T09:00:00Z",
                    "releaseTag": [
                      "awardAmendment"
                    ],
                    "value": null
                  }
                ],
                "description": [
                  {
                    "releaseID": "ocds-23g63a01-200502-award",
                    "releaseDate": "2018-12-31T23:00:00Z",
                    "releaseTag": [
                      "award"
                    ],
                    "value": "Printing and writing paper"
                  },
                  {
                    "releaseID": "ocds-23g63a01-200502-awardAmendment",
                    "releaseDate": "2019-01-21T09:00:00Z",
                    "releaseTag": [
                      "awardAmendment"
                    ],
                    "value": null
                  }
                ],
                "classification": {
                  "scheme": [
                    {
                      "releaseID": "ocds-23g63a01-200502-award",
                      "releaseDate": "2018-12-31T23:00:00Z",
                      "releaseTag": [
                        "award"
                      ],
                      "value": "UNSPSC"
                    },
                    {
                      "releaseID": "ocds-23g63a01-200502-awardAmendment",
                      "releaseDate": "2019-01-21T09:00:00Z",
                      "releaseTag": [
                        "awardAmendment"
                      ],
                      "value": null
                    }
                  ],
                  "description": [
                    {
                      "releaseID": "ocds-23g63a01-200502-award",
                      "releaseDate": "2018-12-31T23:00:00Z",
                      "releaseTag": [
                        "award"
                      ],
                      "value": "Printing and writing paper"
                    },
                    {
                      "releaseID": "ocds-23g63a01-200502-awardAmendment",
                      "releaseDate": "2019-01-21T09:00:00Z",
                      "releaseTag": [
                        "awardAmendment"
                      ],
                      "value": null
                    }
                  ],
                  "id": [
                    {
                      "releaseID": "ocds-23g63a01-200502-award",
                      "releaseDate": "2018-12-31T23:00:00Z",
                      "releaseTag": [
                        "award"
                      ],
                      "value": "14111500"
                    },
                    {
                      "releaseID": "ocds-23g63a01-200502-awardAmendment",
                      "releaseDate": "2019-01-21T09:00:00Z",
                      "releaseTag": [
                        "awardAmendment"
                      ],
                      "value": null
                    }
                  ]
                }
              },
              {
                "id": "14111530",
                "unit": {
                  "name": [
                    {
                      "releaseID": "ocds-23g63a01-200502-award",
                      "releaseDate": "2018-12-31T23:00:00Z",
                      "releaseTag": [
                        "award"
                      ],
                      "value": "packet"
                    }
                  ]
                },
                "quantity": [
                  {
                    "releaseID": "ocds-23g63a01-200502-award",
                    "releaseDate": "2018-12-31T23:00:00Z",
                    "releaseTag": [
                      "award"
                    ],
                    "value": 100
                  }
                ],
                "description": [
                  {
                    "releaseID": "ocds-23g63a01-200502-award",
                    "releaseDate": "2018-12-31T23:00:00Z",
                    "releaseTag": [
                      "award"
                    ],
                    "value": "Self adhesive note paper"
                  }
                ],
                "classification": {
                  "scheme": [
                    {
                      "releaseID": "ocds-23g63a01-200502-award",
                      "releaseDate": "2018-12-31T23:00:00Z",
                      "releaseTag": [
                        "award"
                      ],
                      "value": "UNSPSC"
                    }
                  ],
                  "description": [
                    {
                      "releaseID": "ocds-23g63a01-200502-award",
                      "releaseDate": "2018-12-31T23:00:00Z",
                      "releaseTag": [
                        "award"
                      ],
                      "value": "Self adhesive note paper"
                    }
                  ],
                  "id": [
                    {
                      "releaseID": "ocds-23g63a01-200502-award",
                      "releaseDate": "2018-12-31T23:00:00Z",
                      "releaseTag": [
                        "award"
                      ],
                      "value": "14111530"
                    }
                  ]
                }
              },
              {
                "id": "44122011",
                "unit": {
                  "name": [
                    {
                      "releaseID": "ocds-23g63a01-200502-award",
                      "releaseDate": "2018-12-31T23:00:00Z",
                      "releaseTag": [
                        "award"
                      ],
                      "value": "each"
                    }
                  ]
                },
                "quantity": [
                  {
                    "releaseID": "ocds-23g63a01-200502-award",
                    "releaseDate": "2018-12-31T23:00:00Z",
                    "releaseTag": [
                      "award"
                    ],
                    "value": 200
                  }
                ],
                "description": [
                  {
                    "releaseID": "ocds-23g63a01-200502-award",
                    "releaseDate": "2018-12-31T23:00:00Z",
                    "releaseTag": [
                      "award"
                    ],
                    "value": "Folders"
                  }
                ],
                "classification": {
                  "scheme": [
                    {
                      "releaseID": "ocds-23g63a01-200502-award",
                      "releaseDate": "2018-12-31T23:00:00Z",
                      "releaseTag": [
                        "award"
                      ],
                      "value": "UNSPSC"
                    }
                  ],
                  "description": [
                    {
                      "releaseID": "ocds-23g63a01-200502-award",
                      "releaseDate": "2018-12-31T23:00:00Z",
                      "releaseTag": [
                        "award"
                      ],
                      "value": "Folders"
                    }
                  ],
                  "id": [
                    {
                      "releaseID": "ocds-23g63a01-200502-award",
                      "releaseDate": "2018-12-31T23:00:00Z",
                      "releaseTag": [
                        "award"
                      ],
                      "value": "44122011"
                    }
                  ]
                }
              },
              {
                "id": "14111506",
                "unit": {
                  "name": [
                    {
                      "releaseID": "ocds-23g63a01-200502-awardAmendment",
                      "releaseDate": "2019-01-21T09:00:00Z",
                      "releaseTag": [
                        "awardAmendment"
                      ],
                      "value": "Ream"
                    }
                  ]
                },
                "quantity": [
                  {
                    "releaseID": "ocds-23g63a01-200502-awardAmendment",
                    "releaseDate": "2019-01-21T09:00:00Z",
                    "releaseTag": [
                      "awardAmendment"
                    ],
                    "value": 150
                  }
                ],
                "description": [
                  {
                    "releaseID": "ocds-23g63a01-200502-awardAmendment",
                    "releaseDate": "2019-01-21T09:00:00Z",
                    "releaseTag": [
                      "awardAmendment"
                    ],
                    "value": "Computer printout paper"
                  }
                ],
                "classification": {
                  "scheme": [
                    {
                      "releaseID": "ocds-23g63a01-200502-awardAmendment",
                      "releaseDate": "2019-01-21T09:00:00Z",
                      "releaseTag": [
                        "awardAmendment"
                      ],
                      "value": "UNSPSC"
                    }
                  ],
                  "description": [
                    {
                      "releaseID": "ocds-23g63a01-200502-awardAmendment",
                      "releaseDate": "2019-01-21T09:00:00Z",
                      "releaseTag": [
                        "awardAmendment"
                      ],
                      "value": "Computer printout paper"
                    }
                  ],
                  "id": [
                    {
                      "releaseID": "ocds-23g63a01-200502-awardAmendment",
                      "releaseDate": "2019-01-21T09:00:00Z",
                      "releaseTag": [
                        "awardAmendment"
                      ],
                      "value": "14111506"
                    }
                  ]
                }
              },
              {
                "id": "14111511",
                "unit": {
                  "name": [
                    {
                      "releaseID": "ocds-23g63a01-200502-awardAmendment",
                      "releaseDate": "2019-01-21T09:00:00Z",
                      "releaseTag": [
                        "awardAmendment"
                      ],
                      "value": "Ream"
                    }
                  ]
                },
                "quantity": [
                  {
                    "releaseID": "ocds-23g63a01-200502-awardAmendment",
                    "releaseDate": "2019-01-21T09:00:00Z",
                    "releaseTag": [
                      "awardAmendment"
                    ],
                    "value": 20
                  }
                ],
                "description": [
                  {
                    "releaseID": "ocds-23g63a01-200502-awardAmendment",
                    "releaseDate": "2019-01-21T09:00:00Z",
                    "releaseTag": [
                      "awardAmendment"
                    ],
                    "value": "Writing paper"
                  }
                ],
                "classification": {
                  "scheme": [
                    {
                      "releaseID": "ocds-23g63a01-200502-awardAmendment",
                      "releaseDate": "2019-01-21T09:00:00Z",
                      "releaseTag": [
                        "awardAmendment"
                      ],
                      "value": "UNSPSC"
                    }
                  ],
                  "description": [
                    {
                      "releaseID": "ocds-23g63a01-200502-awardAmendment",
                      "releaseDate": "2019-01-21T09:00:00Z",
                      "releaseTag": [
                        "awardAmendment"
                      ],
                      "value": "Writing paper"
                    }
                  ],
                  "id": [
                    {
                      "releaseID": "ocds-23g63a01-200502-awardAmendment",
                      "releaseDate": "2019-01-21T09:00:00Z",
                      "releaseTag": [
                        "awardAmendment"
                      ],
                      "value": "14111511"
                    }
                  ]
                }
              }
            ],
            "suppliers": [
              {
                "id": "ZM-PCR-104500",
                "name": [
                  {
                    "releaseID": "ocds-23g63a01-200502-award",
                    "releaseDate": "2018-12-31T23:00:00Z",
                    "releaseTag": [
                      "award"
                    ],
                    "value": "Joziel General Dealers Ltd"
                  }
                ]
              }
            ],
            "value": {
              "currency": [
                {
                  "releaseID": "ocds-23g63a01-200502-award",
                  "releaseDate": "2018-12-31T23:00:00Z",
                  "releaseTag": [
                    "award"
                  ],
                  "value": "ZMW"
                }
              ],
              "amount": [
                {
                  "releaseID": "ocds-23g63a01-200502-award",
                  "releaseDate": "2018-12-31T23:00:00Z",
                  "releaseTag": [
                    "award"
                  ],
                  "value": 13363.23
                },
                {
                  "releaseID": "ocds-23g63a01-200502-awardAmendment",
                  "releaseDate": "2019-01-21T09:00:00Z",
                  "releaseTag": [
                    "awardAmendment"
                  ],
                  "value": 13452.0
                }
              ]
            },
            "date": [
              {
                "releaseID": "ocds-23g63a01-200502-award",
                "releaseDate": "2018-12-31T23:00:00Z",
                "releaseTag": [
                  "award"
                ],
                "value": "2018-12-31T06:40:57Z"
              }
            ],
            "amendments": [
              {
                "id": "001",
                "description": [
                  {
                    "releaseID": "ocds-23g63a01-200502-awardAmendment",
                    "releaseDate": "2019-01-21T09:00:00Z",
                    "releaseTag": [
                      "awardAmendment"
                    ],
                    "value": "One awarded item has been removed in favor of other two ones."
                  }
                ],
                "rationale": [
                  {
                    "releaseID": "ocds-23g63a01-200502-awardAmendment",
                    "releaseDate": "2019-01-21T09:00:00Z",
                    "releaseTag": [
                      "awardAmendment"
                    ],
                    "value": "Items have been changed after negociations with the awarded supplier."
                  }
                ],
                "amendsReleaseID": [
                  {
                    "releaseID": "ocds-23g63a01-200502-awardAmendment",
                    "releaseDate": "2019-01-21T09:00:00Z",
                    "releaseTag": [
                      "awardAmendment"
                    ],
                    "value": "ocds-23g63a01-200502-award"
                  }
                ]
              }
            ]
          }
        ]
      }
    }
  ]
}
