{
  "uri": "https://standard.open-contracting.org/examples/releases/ocds-23g63a01-200502-award.json",
  "publisher": {
    "name": "Zambia Public Procurement Authority"
  },
  "publishedDate": "2018-12-31T23:00:00Z",
  "version": "1.1",
  "releases": [
    {
      "language": "en",
      "ocid": "ocds-23g63a01-200502",
      "id": "ocds-23g63a01-200502-award",
      "tag": [
        "award"
      ],
      "initiationType": "tender",
      "date": "2018-12-31T23:00:00Z",
      "parties": [
        {
          "id": "ZM-PCR-001",
          "contactPoint": {
            "url": "http://www.Zamtel.zm",
            "faxNumber": "+260211256622",
            "telephone": "+260211333152",
            "email": "Customerservice@Zamtel.co.zm"
          },
          "identifier": {
            "id": "001",
            "scheme": "ZM-PCR",
            "legalName": "Zambia Telecommunications Company Limited"
          },
          "name": "Zambia Telecommunications Company Limited",
          "address": {
            "postalCode": "37000",
            "countryName": "Zambia",
            "region": "ZM",
            "streetAddress": "Zamtel House, Corner Church and Chilubi Roads",
            "locality": "Lusaka"
          },
          "roles": [
            "buyer"
          ]
        },
        {
          "id": "ZM-PCR-104500",
          "name": "Joziel General Dealers Ltd",
          "contactPoint": {
            "telephone": "+260978552867"
          },
          "identifier": {
            "scheme": "ZM-PCR",
            "id": "104500",
            "uri": "https://www.pacra.org.zm/#/p/pacrasearch/",
            "legalName": "Joziel General Dealers Ltd"
          },
          "address": {
            "postalCode": "",
            "countryName": "Zambia",
            "region": "ZM",
            "streetAddress": "Plot 17 Chaholi Road Rhodes Park",
            "locality": "Lusaka"
          },
          "roles": [
            "supplier"
          ]
        }
      ],
      "buyer": {
        "id": "ZM-PCR-001",
        "name": "Zambia Telecommunications Company Limited"
      },
      "awards": [
        {
          "status": "active",
          "description": "SUPPLY AND DELIVERY OF VARIOUS STATIONERY",
          "title": "SUPPLY AND DELIVERY OF VARIOUS STATIONERY",
          "items": [
            {
              "unit": {
                "name": "each"
              },
              "quantity": 30,
              "description": "Notebooks",
              "classification": {
                "scheme": "UNSPSC",
                "description": "Paper pads and notebooks",
                "id": "14111514"
              },
              "id": "14111514"
            },
            {
              "unit": {
                "name": "Ream"
              },
              "quantity": 130,
              "description": "Printing and writing paper",
              "classification": {
                "scheme": "UNSPSC",
                "description": "Printing and writing paper",
                "id": "14111500"
              },
              "id": "14111500"
            },
            {
              "unit": {
                "name": "packet"
              },
              "quantity": 100,
              "description": "Self adhesive note paper",
              "classification": {
                "scheme": "UNSPSC",
                "description": "Self adhesive note paper",
                "id": "14111530"
              },
              "id": "14111530"
            },
            {
              "unit": {
                "name": "each"
              },
              "quantity": 200,
              "description": "Folders",
              "classification": {
                "scheme": "UNSPSC",
                "description": "Folders",
                "id": "44122011"
              },
              "id": "44122011"
            }
          ],
          "suppliers": [
            {
              "id": "ZM-PCR-104500",
              "name": "Joziel General Dealers Ltd"
            }
          ],
          "value": {
            "currency": "ZMW",
            "amount": 13363.23
          },
          "date": "2018-12-31T06:40:57Z",
          "id": "1201"
        }
      ]
    }
  ]
}
