{
  "uri": "",
  "publisher": {
    "name": "Colombia Compra Eficiente"
  },
  "publishedDate": "",
  "version": "1.1",
  "packages": [
    "https://standard.open-contracting.org/examples/releases/ocds-k50g02-11-13-651832-tenderUpdate.json",
    "https://standard.open-contracting.org/examples/releases/ocds-k50g02-11-13-651832-tender.json"
  ],
  "records": [
    {
      "ocid": "ocds-k50g02-11-13-651832",
      "releases": [
        {
          "date": "2011-10-18T08:54:21.000Z",
          "language": "es",
          "ocid": "ocds-k50g02-11-13-651832",
          "id": "11-13-651832-tenderUpdate",
          "tag": [
            "tenderAmendment"
          ],
          "initiationType": "tender",
          "parties": [
            {
              "name": "CAUCA - ALCALDÍA MUNICIPIO DE MERCADERES",
              "roles": [
                "procuringEntity",
                "buyer"
              ],
              "address": {
                "countryName": "COLOMBIA",
                "region": "Cauca",
                "locality": "Mercaderes"
              },
              "contactPoint": {
                "email": "derazo@example.com",
                "telephone": "152 2158746",
                "name": "DIEGO EDUARDO ERAZO GUERRERO"
              },
              "identifier": {
                "scheme": "CO-RUE",
                "id": "890701933",
                "legalName": "CAUCA - ALCALDÍA MUNICIPIO DE MERCADERES"
              },
              "id": "890701933"
            }
          ],
          "buyer": {
            "id": "890701933",
            "name": "CAUCA - ALCALDÍA MUNICIPIO DE MERCADERES"
          },
          "tender": {
            "id": "11-13-651832",
            "status": "active",
            "description": "CONSTRUCCIÓN DE OBRAS DE REHABILITACIÓN Y MANTENIMIENTO DE LA VÍA CARRETEABLE: VEREDA CURACAS-VEREDA LA MONJITA, EN UNA EXTENSIÓN DE SEIS (06) KILÓMETROS EN MUNICIPIO DE MERCADERES CAUCA.",
            "procurementMethod": "open",
            "submissionMethodDetails": "Municipio obtención: Mercaderes, Municipio entrega: Mercaderes, Municipio ejecución: No definido, Lugar aclaraciones: No definido",
            "procurementMethodDetails": "Contratación Mínima Cuantía",
            "value": {
              "amount": 5000000
            },
            "submissionMethod": [
              "inPerson"
            ],
            "procuringEntity": {
              "id": "890701933",
              "name": "CAUCA - ALCALDÍA MUNICIPIO DE MERCADERES"
            },
            "procurementMethodRationale": "Ninguna",
            "tenderPeriod": {
              "startDate": "2011-10-14T16:22:00.000Z",
              "endDate": "2011-10-26T00:00:00.000Z"
            },
            "contractPeriod": {
              "startDate": null,
              "endDate": null
            },
            "hasEnquiries": true,
            "amendments": [
              {
                "id": "01",
                "date": "2011-10-18T08:54:21.000Z",
                "amendsReleaseId": "11-13-651832-tender",
                "description": "Se ha removido el periodo estimado de contrato y se ha extendido el periodo de presentación de ofertas.",
                "rationale": "Luego de recibir consultas de potenciales proveedores, se ha decidido omitir el periodo estimado de contrato y dejarlo abierto a negociaciones con el proveedor adjudicado."
              }
            ]
          }
        },
        {
          "date": "2011-10-14T16:26:49.000Z",
          "language": "es",
          "ocid": "ocds-k50g02-11-13-651832",
          "id": "11-13-651832-tender",
          "tag": [
            "tender"
          ],
          "initiationType": "tender",
          "parties": [
            {
              "name": "CAUCA - ALCALDÍA MUNICIPIO DE MERCADERES",
              "roles": [
                "procuringEntity",
                "buyer"
              ],
              "address": {
                "countryName": "COLOMBIA",
                "region": "Cauca",
                "locality": "Mercaderes"
              },
              "contactPoint": {
                "email": "derazo@example.com",
                "telephone": "152 2158746",
                "name": "DIEGO EDUARDO ERAZO GUERRERO"
              },
              "identifier": {
                "scheme": "CO-RUE",
                "id": "890701933",
                "legalName": "CAUCA - ALCALDÍA MUNICIPIO DE MERCADERES"
              },
              "id": "890701933"
            }
          ],
          "buyer": {
            "id": "890701933",
            "name": "CAUCA - ALCALDÍA MUNICIPIO DE MERCADERES"
          },
          "tender": {
            "id": "11-13-651832",
            "status": "active",
            "description": "CONSTRUCCIÓN DE OBRAS DE REHABILITACIÓN Y MANTENIMIENTO DE LA VÍA CARRETEABLE: VEREDA CURACAS-VEREDA LA MONJITA, EN UNA EXTENSIÓN DE SEIS (06) KILÓMETROS EN MUNICIPIO DE MERCADERES CAUCA.",
            "procurementMethod": "open",
            "submissionMethodDetails": "Municipio obtención: Mercaderes, Municipio entrega: Mercaderes, Municipio ejecución: No definido, Lugar aclaraciones: No definido",
            "procurementMethodDetails": "Contratación Mínima Cuantía",
            "value": {
              "amount": 5000000
            },
            "submissionMethod": [
              "inPerson"
            ],
            "procuringEntity": {
              "id": "890701933",
              "name": "CAUCA - ALCALDÍA MUNICIPIO DE MERCADERES"
            },
            "procurementMethodRationale": "Ninguna",
            "tenderPeriod": {
              "startDate": "2011-10-14T16:22:00.000Z",
              "endDate": "2011-10-20T00:00:00.000Z"
            },
            "contractPeriod": {
              "startDate": "2011-11-20T09:00:00.000Z",
              "endDate": "2012-01-31T17:00:00.000Z"
            }
          }
        }
      ],
      "compiledRelease": {
        "tag": [
          "compiled"
        ],
        "id": "ocds-k50g02-11-13-651832-2011-10-18T08:54:21.000Z",
        "date": "2011-10-18T08:54:21.000Z",
        "ocid": "ocds-k50g02-11-13-651832",
        "language": "es",
        "initiationType": "tender",
        "parties": [
          {
            "id": "890701933",
            "name": "CAUCA - ALCALDÍA MUNICIPIO DE MERCADERES",
            "roles": [
              "procuringEntity",
              "buyer"
            ],
            "address": {
              "countryName": "COLOMBIA",
              "region": "Cauca",
              "locality": "Mercaderes"
            },
            "contactPoint": {
              "email": "derazo@example.com",
              "telephone": "152 2158746",
              "name": "DIEGO EDUARDO ERAZO GUERRERO"
            },
            "identifier": {
              "scheme": "CO-RUE",
              "id": "890701933",
              "legalName": "CAUCA - ALCALDÍA MUNICIPIO DE MERCADERES"
            }
          }
        ],
        "buyer": {
          "id": "890701933",
          "name": "CAUCA - ALCALDÍA MUNICIPIO DE MERCADERES"
        },
        "tender": {
          "id": "11-13-651832",
          "status": "active",
          "description": "CONSTRUCCIÓN DE OBRAS DE REHABILITACIÓN Y MANTENIMIENTO DE LA VÍA CARRETEABLE: VEREDA CURACAS-VEREDA LA MONJITA, EN UNA EXTENSIÓN DE SEIS (06) KILÓMETROS EN MUNICIPIO DE MERCADERES CAUCA.",
          "procurementMethod": "open",
          "submissionMethodDetails": "Municipio obtención: Mercaderes, Municipio entrega: Mercaderes, Municipio ejecución: No definido, Lugar aclaraciones: No definido",
          "procurementMethodDetails": "Contratación Mínima Cuantía",
          "value": {
            "amount": 5000000
          },
          "submissionMethod": [
            "inPerson"
          ],
          "procuringEntity": {
            "id": "890701933",
            "name": "CAUCA - ALCALDÍA MUNICIPIO DE MERCADERES"
          },
          "procurementMethodRationale": "Ninguna",
          "tenderPeriod": {
            "startDate": "2011-10-14T16:22:00.000Z",
            "endDate": "2011-10-26T00:00:00.000Z"
          },
          "contractPeriod": {},
          "hasEnquiries": true,
          "amendments": [
            {
              "id": "01",
              "date": "2011-10-18T08:54:21.000Z",
              "amendsReleaseId": "11-13-651832-tender",
              "description": "Se ha removido el periodo estimado de contrato y se ha extendido el periodo de presentación de ofertas.",
              "rationale": "Luego de recibir consultas de potenciales proveedores, se ha decidido omitir el periodo estimado de contrato y dejarlo abierto a negociaciones con el proveedor adjudicado."
            }
          ]
        }
      },
      "versionedRelease": {
        "ocid": "ocds-k50g02-11-13-651832",
        "language": [
          {
            "releaseID": "11-13-651832-tender",
            "releaseDate": "2011-10-14T16:26:49.000Z",
            "releaseTag": [
              "tender"
            ],
            "value": "es"
          }
        ],
        "initiationType": [
          {
            "releaseID": "11-13-651832-tender",
            "releaseDate": "2011-10-14T16:26:49.000Z",
            "releaseTag": [
              "tender"
            ],
            "value": "tender"
          }
        ],
        "parties": [
          {
            "id": "890701933",
            "name": [
              {
                "releaseID": "11-13-651832-tender",
                "releaseDate": "2011-10-14T16:26:49.000Z",
                "releaseTag": [
                  "tender"
                ],
                "value": "CAUCA - ALCALDÍA MUNICIPIO DE MERCADERES"
              }
            ],
            "roles": [
              {
                "releaseID": "11-13-651832-tender",
                "releaseDate": "2011-10-14T16:26:49.000Z",
                "releaseTag": [
                  "tender"
                ],
                "value": [
                  "procuringEntity",
                  "buyer"
                ]
              }
            ],
            "address": {
              "countryName": [
                {
                  "releaseID": "11-13-651832-tender",
                  "releaseDate": "2011-10-14T16:26:49.000Z",
                  "releaseTag": [
                    "tender"
                  ],
                  "value": "COLOMBIA"
                }
              ],
              "region": [
                {
                  "releaseID": "11-13-651832-tender",
                  "releaseDate": "2011-10-14T16:26:49.000Z",
                  "releaseTag": [
                    "tender"
                  ],
                  "value": "Cauca"
                }
              ],
              "locality": [
                {
                  "releaseID": "11-13-651832-tender",
                  "releaseDate": "2011-10-14T16:26:49.000Z",
                  "releaseTag": [
                    "tender"
                  ],
                  "value": "Mercaderes"
                }
              ]
            },
            "contactPoint": {
              "email": [
                {
                  "releaseID": "11-13-651832-tender",
                  "releaseDate": "2011-10-14T16:26:49.000Z",
                  "releaseTag": [
                    "tender"
                  ],
                  "value": "derazo@example.com"
                }
              ],
              "telephone": [
                {
                  "releaseID": "11-13-651832-tender",
                  "releaseDate": "2011-10-14T16:26:49.000Z",
                  "releaseTag": [
                    "tender"
                  ],
                  "value": "152 2158746"
                }
              ],
              "name": [
                {
                  "releaseID": "11-13-651832-tender",
                  "releaseDate": "2011-10-14T16:26:49.000Z",
                  "releaseTag": [
                    "tender"
                  ],
                  "value": "DIEGO EDUARDO ERAZO GUERRERO"
                }
              ]
            },
            "identifier": {
              "scheme": [
                {
                  "releaseID": "11-13-651832-tender",
                  "releaseDate": "2011-10-14T16:26:49.000Z",
                  "releaseTag": [
                    "tender"
                  ],
                  "value": "CO-RUE"
                }
              ],
              "id": [
                {
                  "releaseID": "11-13-651832-tender",
                  "releaseDate": "2011-10-14T16:26:49.000Z",
                  "releaseTag": [
                    "tender"
                  ],
                  "value": "890701933"
                }
              ],
              "legalName": [
                {
                  "releaseID": "11-13-651832-tender",
                  "releaseDate": "2011-10-14T16:26:49.000Z",
                  "releaseTag": [
                    "tender"
                  ],
                  "value": "CAUCA - ALCALDÍA MUNICIPIO DE MERCADERES"
                }
              ]
            }
          }
        ],
        "buyer": {
          "id": [
            {
              "releaseID": "11-13-651832-tender",
              "releaseDate": "2011-10-14T16:26:49.000Z",
              "releaseTag": [
                "tender"
              ],
              "value": "890701933"
            }
          ],
          "name": [
            {
              "releaseID": "11-13-651832-tender",
              "releaseDate": "2011-10-14T16:26:49.000Z",
              "releaseTag": [
                "tender"
              ],
              "value": "CAUCA - ALCALDÍA MUNICIPIO DE MERCADERES"
            }
          ]
        },
        "tender": {
          "id": [
            {
              "releaseID": "11-13-651832-tender",
              "releaseDate": "2011-10-14T16:26:49.000Z",
              "releaseTag": [
                "tender"
              ],
              "value": "11-13-651832"
            }
          ],
          "status": [
            {
              "releaseID": "11-13-651832-tender",
              "releaseDate": "2011-10-14T16:26:49.000Z",
              "releaseTag": [
                "tender"
              ],
              "value": "active"
            }
          ],
          "description": [
            {
              "releaseID": "11-13-651832-tender",
              "releaseDate": "2011-10-14T16:26:49.000Z",
              "releaseTag": [
                "tender"
              ],
              "value": "CONSTRUCCIÓN DE OBRAS DE REHABILITACIÓN Y MANTENIMIENTO DE LA VÍA CARRETEABLE: VEREDA CURACAS-VEREDA LA MONJITA, EN UNA EXTENSIÓN DE SEIS (06) KILÓMETROS EN MUNICIPIO DE MERCADERES CAUCA."
            }
          ],
          "procurementMethod": [
            {
              "releaseID": "11-13-651832-tender",
              "releaseDate": "2011-10-14T16:26:49.000Z",
              "releaseTag": [
                "tender"
              ],
              "value": "open"
            }
          ],
          "submissionMethodDetails": [
            {
              "releaseID": "11-13-651832-tender",
              "releaseDate": "2011-10-14T16:26:49.000Z",
              "releaseTag": [
                "tender"
              ],
              "value": "Municipio obtención: Mercaderes, Municipio entrega: Mercaderes, Municipio ejecución: No definido, Lugar aclaraciones: No definido"
            }
          ],
          "procurementMethodDetails": [
            {
              "releaseID": "11-13-651832-tender",
              "releaseDate": "2011-10-14T16:26:49.000Z",
              "releaseTag": [
                "tender"
              ],
              "value": "Contratación Mínima Cuantía"
            }
          ],
          "value": {
            "amount": [
              {
                "releaseID": "11-13-651832-tender",
                "releaseDate": "2011-10-14T16:26:49.000Z",
                "releaseTag": [
                  "tender"
                ],
                "value": 5000000
              }
            ]
          },
          "submissionMethod": [
            {
              "releaseID": "11-13-651832-tender",
              "releaseDate": "2011-10-14T16:26:49.000Z",
              "releaseTag": [
                "tender"
              ],
              "value": [
                "inPerson"
              ]
            }
          ],
          "procuringEntity": {
            "id": [
              {
                "releaseID": "11-13-651832-tender",
                "releaseDate": "2011-10-14T16:26:49.000Z",
                "releaseTag": [
                  "tender"
                ],
                "value": "890701933"
              }
            ],
            "name": [
              {
                "releaseID": "11-13-651832-tender",
                "releaseDate": "2011-10-14T16:26:49.000Z",
                "releaseTag": [
                  "tender"
                ],
                "value": "CAUCA - ALCALDÍA MUNICIPIO DE MERCADERES"
              }
            ]
          },
          "procurementMethodRationale": [
            {
              "releaseID": "11-13-651832-tender",
              "releaseDate": "2011-10-14T16:26:49.000Z",
              "releaseTag": [
                "tender"
              ],
              "value": "Ninguna"
            }
          ],
          "tenderPeriod": {
            "startDate": [
              {
                "releaseID": "11-13-651832-tender",
                "releaseDate": "2011-10-14T16:26:49.000Z",
                "releaseTag": [
                  "tender"
                ],
                "value": "2011-10-14T16:22:00.000Z"
              }
            ],
            "endDate": [
              {
                "releaseID": "11-13-651832-tender",
                "releaseDate": "2011-10-14T16:26:49.000Z",
                "releaseTag": [
                  "tender"
                ],
                "value": "2011-10-20T00:00:00.000Z"
              },
              {
                "releaseID": "11-13-651832-tenderUpdate",
                "releaseDate": "2011-10-18T08:54:21.000Z",
                "releaseTag": [
                  "tenderAmendment"
                ],
                "value": "2011-10-26T00:00:00.000Z"
              }
            ]
          },
          "contractPeriod": {
            "startDate": [
              {
                "releaseID": "11-13-651832-tender",
                "releaseDate": "2011-10-14T16:26:49.000Z",
                "releaseTag": [
                  "tender"
                ],
                "value": "2011-11-20T09:00:00.000Z"
              },
              {
                "releaseID": "11-13-651832-tenderUpdate",
                "releaseDate": "2011-10-18T08:54:21.000Z",
                "releaseTag": [
                  "tenderAmendment"
                ],
                "value": null
              }
            ],
            "endDate": [
              {
                "releaseID": "11-13-651832-tender",
                "releaseDate": "2011-10-14T16:26:49.000Z",
                "releaseTag": [
                  "tender"
                ],
                "value": "2012-01-31T17:00:00.000Z"
              },
              {
                "releaseID": "11-13-651832-tenderUpdate",
                "releaseDate": "2011-10-18T08:54:21.000Z",
                "releaseTag": [
                  "tenderAmendment"
                ],
                "value": null
              }
            ]
          },
          "hasEnquiries": [
            {
              "releaseID": "11-13-651832-tenderUpdate",
              "releaseDate": "2011-10-18T08:54:21.000Z",
              "releaseTag": [
                "tenderAmendment"
              ],
              "value": true
            }
          ],
          "amendments": [
            {
              "id": "01",
              "date": [
                {
                  "releaseID": "11-13-651832-tenderUpdate",
                  "releaseDate": "2011-10-18T08:54:21.000Z",
                  "releaseTag": [
                    "tenderAmendment"
                  ],
                  "value": "2011-10-18T08:54:21.000Z"
                }
              ],
              "amendsReleaseId": [
                {
                  "releaseID": "11-13-651832-tenderUpdate",
                  "releaseDate": "2011-10-18T08:54:21.000Z",
                  "releaseTag": [
                    "tenderAmendment"
                  ],
                  "value": "11-13-651832-tender"
                }
              ],
              "description": [
                {
                  "releaseID": "11-13-651832-tenderUpdate",
                  "releaseDate": "2011-10-18T08:54:21.000Z",
                  "releaseTag": [
                    "tenderAmendment"
                  ],
                  "value": "Se ha removido el periodo estimado de contrato y se ha extendido el periodo de presentación de ofertas."
                }
              ],
              "rationale": [
                {
                  "releaseID": "11-13-651832-tenderUpdate",
                  "releaseDate": "2011-10-18T08:54:21.000Z",
                  "releaseTag": [
                    "tenderAmendment"
                  ],
                  "value": "Luego de recibir consultas de potenciales proveedores, se ha decidido omitir el periodo estimado de contrato y dejarlo abierto a negociaciones con el proveedor adjudicado."
                }
              ]
            }
          ]
        }
      }
    }
  ]
}
