{
  "uri": "",
  "publisher": {
    "name": "Colombia Compra Eficiente"
  },
  "publishedDate": "",
  "version": "1.1",
  "packages": [
    "https://standard.open-contracting.org/examples/releases/ocds-k50g02-13-9-368828-planning.json",
    "https://standard.open-contracting.org/examples/releases/ocds-k50g02-13-9-368828-tender.json"
  ],
  "records": [
    {
      "ocid": "ocds-k50g02-13-9-368828",
      "releases": [
        {
          "date": "2013-07-17T16:36:56.000Z",
          "language": "es",
          "ocid": "ocds-k50g02-13-9-368828",
          "id": "13-9-368828-planning",
          "tag": [
            "planning"
          ],
          "initiationType": "tender",
          "parties": [
            {
              "name": "INSTITUTO NACIONAL PENITENCIARIO Y CARCELARIO (INPEC)",
              "roles": [
                "procuringEntity",
                "buyer"
              ],
              "address": {
                "countryName": "COLOMBIA",
                "region": "Bogotá D.C.",
                "streetAddress": "Calle 26 No. 27-48",
                "locality": "Bogotá D.C."
              },
              "contactPoint": {
                "email": "comando.ecarmeroguayabal@inpec.gov.co",
                "telephone": "(8) 2530814",
                "name": "DEISY ALEXANDRA GARAY"
              },
              "identifier": {
                "scheme": "CO-RUE",
                "id": "800215546",
                "legalName": "INSTITUTO NACIONAL PENITENCIARIO Y CARCELARIO (INPEC)"
              },
              "id": "800215546"
            }
          ],
          "buyer": {
            "id": "800215546",
            "name": "INSTITUTO NACIONAL PENITENCIARIO Y CARCELARIO (INPEC)"
          },
          "planning": {
            "budget": {
              "description": "ADQUISICION DE COLCHONETAS PARA LA DOTACION DESTINADOS A LA POBLACION INTERNA DEL EPMSC ARMERO GUAYABAL TOLIMA",
              "amount": {
                "amount": 6800000,
                "currency": "COP"
              }
            },
            "rationale": "ADQUISICION DE COLCHONETAS PARA LA DOTACION DESTINADOS A LA POBLACION INTERNA DEL EPMSC ARMERO GUAYABAL TOLIMA"
          },
          "tender": {
            "id": "13-9-368828",
            "status": "planned",
            "procurementMethod": "open",
            "description": "ADQUISICION DE COLCHONETAS PARA LA DOTACION DESTINADOS A LA POBLACION INTERNA DEL EPMSC ARMERO GUAYABAL TOLIMA",
            "title": "623-033-2013",
            "procuringEntity": {
              "id": "800215546",
              "name": "INSTITUTO NACIONAL PENITENCIARIO Y CARCELARIO (INPEC)"
            }
          }
        },
        {
          "date": "2013-07-17T16:36:56.000Z",
          "language": "es",
          "ocid": "ocds-k50g02-13-9-368828",
          "id": "13-9-368828-tender",
          "tag": [
            "planningUpdate",
            "tender"
          ],
          "initiationType": "tender",
          "parties": [
            {
              "name": "INSTITUTO NACIONAL PENITENCIARIO Y CARCELARIO (INPEC)",
              "roles": [
                "procuringEntity",
                "buyer"
              ],
              "address": {
                "countryName": "COLOMBIA",
                "region": "Bogotá D.C.",
                "streetAddress": "Calle 26 No. 27-48",
                "locality": "Bogotá D.C."
              },
              "contactPoint": {
                "email": "comando.ecarmeroguayabal@inpec.gov.co",
                "telephone": "(8) 2530814",
                "name": "DEISY ALEXANDRA GARAY"
              },
              "identifier": {
                "scheme": "CO-RUE",
                "id": "800215546",
                "legalName": "INSTITUTO NACIONAL PENITENCIARIO Y CARCELARIO (INPEC)"
              },
              "id": "800215546"
            }
          ],
          "buyer": {
            "id": "800215546",
            "name": "INSTITUTO NACIONAL PENITENCIARIO Y CARCELARIO (INPEC)"
          },
          "planning": {
            "budget": {
              "description": "ADQUISICION DE COLCHONETAS PARA LA DOTACION DESTINADOS A LA POBLACION INTERNA DEL EPMSC ARMERO GUAYABAL TOLIMA",
              "amount": {
                "amount": 6800000,
                "currency": "COP"
              }
            },
            "rationale": null
          },
          "tender": {
            "status": "active",
            "description": "ADQUISICION DE COLCHONETAS PARA LA DOTACION DESTINADOS A LA POBLACION INTERNA DEL EPMSC ARMERO GUAYABAL TOLIMA",
            "title": "623-033-2013",
            "procurementMethod": "open",
            "procurementMethodDetails": "Subasta",
            "value": {
              "amount": 6725000
            },
            "submissionMethod": [
              "inPerson"
            ],
            "submissionMethodDetails": "Municipio obtención: Guayabal Municipio entrega: Guayabal Municipio ejecución: No definido Lugar aclaraciones: No definido",
            "procuringEntity": {
              "id": "800215546",
              "name": "INSTITUTO NACIONAL PENITENCIARIO Y CARCELARIO (INPEC)"
            },
            "id": "13-9-368828"
          }
        }
      ],
      "compiledRelease": {
        "tag": [
          "compiled"
        ],
        "id": "ocds-k50g02-13-9-368828-2013-07-17T16:36:56.000Z",
        "date": "2013-07-17T16:36:56.000Z",
        "ocid": "ocds-k50g02-13-9-368828",
        "language": "es",
        "initiationType": "tender",
        "parties": [
          {
            "id": "800215546",
            "name": "INSTITUTO NACIONAL PENITENCIARIO Y CARCELARIO (INPEC)",
            "roles": [
              "procuringEntity",
              "buyer"
            ],
            "address": {
              "countryName": "COLOMBIA",
              "region": "Bogotá D.C.",
              "streetAddress": "Calle 26 No. 27-48",
              "locality": "Bogotá D.C."
            },
            "contactPoint": {
              "email": "comando.ecarmeroguayabal@inpec.gov.co",
              "telephone": "(8) 2530814",
              "name": "DEISY ALEXANDRA GARAY"
            },
            "identifier": {
              "scheme": "CO-RUE",
              "id": "800215546",
              "legalName": "INSTITUTO NACIONAL PENITENCIARIO Y CARCELARIO (INPEC)"
            }
          }
        ],
        "buyer": {
          "id": "800215546",
          "name": "INSTITUTO NACIONAL PENITENCIARIO Y CARCELARIO (INPEC)"
        },
        "planning": {
          "budget": {
            "description": "ADQUISICION DE COLCHONETAS PARA LA DOTACION DESTINADOS A LA POBLACION INTERNA DEL EPMSC ARMERO GUAYABAL TOLIMA",
            "amount": {
              "amount": 6800000,
              "currency": "COP"
            }
          }
        },
        "tender": {
          "id": "13-9-368828",
          "status": "active",
          "procurementMethod": "open",
          "description": "ADQUISICION DE COLCHONETAS PARA LA DOTACION DESTINADOS A LA POBLACION INTERNA DEL EPMSC ARMERO GUAYABAL TOLIMA",
          "title": "623-033-2013",
          "procuringEntity": {
            "id": "800215546",
            "name": "INSTITUTO NACIONAL PENITENCIARIO Y CARCELARIO (INPEC)"
          },
          "procurementMethodDetails": "Subasta",
          "value": {
            "amount": 6725000
          },
          "submissionMethod": [
            "inPerson"
          ],
          "submissionMethodDetails": "Municipio obtención: Guayabal Municipio entrega: Guayabal Municipio ejecución: No definido Lugar aclaraciones: No definido"
        }
      },
      "versionedRelease": {
        "ocid": "ocds-k50g02-13-9-368828",
        "language": [
          {
            "releaseID": "13-9-368828-planning",
            "releaseDate": "2013-07-17T16:36:56.000Z",
            "releaseTag": [
              "planning"
            ],
            "value": "es"
          }
        ],
        "initiationType": [
          {
            "releaseID": "13-9-368828-planning",
            "releaseDate": "2013-07-17T16:36:56.000Z",
            "releaseTag": [
              "planning"
            ],
            "value": "tender"
          }
        ],
        "parties": [
          {
            "id": "800215546",
            "name": [
              {
                "releaseID": "13-9-368828-planning",
                "releaseDate": "2013-07-17T16:36:56.000Z",
                "releaseTag": [
                  "planning"
                ],
                "value": "INSTITUTO NACIONAL PENITENCIARIO Y CARCELARIO (INPEC)"
              }
            ],
            "roles": [
              {
                "releaseID": "13-9-368828-planning",
                "releaseDate": "2013-07-17T16:36:56.000Z",
                "releaseTag": [
                  "planning"
                ],
                "value": [
                  "procuringEntity",
                  "buyer"
                ]
              }
            ],
            "address": {
              "countryName": [
                {
                  "releaseID": "13-9-368828-planning",
                  "releaseDate": "2013-07-17T16:36:56.000Z",
                  "releaseTag": [
                    "planning"
                  ],
                  "value": "COLOMBIA"
                }
              ],
              "region": [
                {
                  "releaseID": "13-9-368828-planning",
                  "releaseDate": "2013-07-17T16:36:56.000Z",
                  "releaseTag": [
                    "planning"
                  ],
                  "value": "Bogotá D.C."
                }
              ],
              "streetAddress": [
                {
                  "releaseID": "13-9-368828-planning",
                  "releaseDate": "2013-07-17T16:36:56.000Z",
                  "releaseTag": [
                    "planning"
                  ],
                  "value": "Calle 26 No. 27-48"
                }
              ],
              "locality": [
                {
                  "releaseID": "13-9-368828-planning",
                  "releaseDate": "2013-07-17T16:36:56.000Z",
                  "releaseTag": [
                    "planning"
                  ],
                  "value": "Bogotá D.C."
                }
              ]
            },
            "contactPoint": {
              "email": [
                {
                  "releaseID": "13-9-368828-planning",
                  "releaseDate": "2013-07-17T16:36:56.000Z",
                  "releaseTag": [
                    "planning"
                  ],
                  "value": "comando.ecarmeroguayabal@inpec.gov.co"
                }
              ],
              "telephone": [
                {
                  "releaseID": "13-9-368828-planning",
                  "releaseDate": "2013-07-17T16:36:56.000Z",
                  "releaseTag": [
                    "planning"
                  ],
                  "value": "(8) 2530814"
                }
              ],
              "name": [
                {
                  "releaseID": "13-9-368828-planning",
                  "releaseDate": "2013-07-17T16:36:56.000Z",
                  "releaseTag": [
                    "planning"
                  ],
                  "value": "DEISY ALEXANDRA GARAY"
                }
              ]
            },
            "identifier": {
              "scheme": [
                {
                  "releaseID": "13-9-368828-planning",
                  "releaseDate": "2013-07-17T16:36:56.000Z",
                  "releaseTag": [
                    "planning"
                  ],
                  "value": "CO-RUE"
                }
              ],
              "id": [
                {
                  "releaseID": "13-9-368828-planning",
                  "releaseDate": "2013-07-17T16:36:56.000Z",
                  "releaseTag": [
                    "planning"
                  ],
                  "value": "800215546"
                }
              ],
              "legalName": [
                {
                  "releaseID": "13-9-368828-planning",
                  "releaseDate": "2013-07-17T16:36:56.000Z",
                  "releaseTag": [
                    "planning"
                  ],
                  "value": "INSTITUTO NACIONAL PENITENCIARIO Y CARCELARIO (INPEC)"
                }
              ]
            }
          }
        ],
        "buyer": {
          "id": [
            {
              "releaseID": "13-9-368828-planning",
              "releaseDate": "2013-07-17T16:36:56.000Z",
              "releaseTag": [
                "planning"
              ],
              "value": "800215546"
            }
          ],
          "name": [
            {
              "releaseID": "13-9-368828-planning",
              "releaseDate": "2013-07-17T16:36:56.000Z",
              "releaseTag": [
                "planning"
              ],
              "value": "INSTITUTO NACIONAL PENITENCIARIO Y CARCELARIO (INPEC)"
            }
          ]
        },
        "planning": {
          "budget": {
            "description": [
              {
                "releaseID": "13-9-368828-planning",
                "releaseDate": "2013-07-17T16:36:56.000Z",
                "releaseTag": [
                  "planning"
                ],
                "value": "ADQUISICION DE COLCHONETAS PARA LA DOTACION DESTINADOS A LA POBLACION INTERNA DEL EPMSC ARMERO GUAYABAL TOLIMA"
              }
            ],
            "amount": {
              "amount": [
                {
                  "releaseID": "13-9-368828-planning",
                  "releaseDate": "2013-07-17T16:36:56.000Z",
                  "releaseTag": [
                    "planning"
                  ],
                  "value": 6800000
                }
              ],
              "currency": [
                {
                  "releaseID": "13-9-368828-planning",
                  "releaseDate": "2013-07-17T16:36:56.000Z",
                  "releaseTag": [
                    "planning"
                  ],
                  "value": "COP"
                }
              ]
            }
          },
          "rationale": [
            {
              "releaseID": "13-9-368828-planning",
              "releaseDate": "2013-07-17T16:36:56.000Z",
              "releaseTag": [
                "planning"
              ],
              "value": "ADQUISICION DE COLCHONETAS PARA LA DOTACION DESTINADOS A LA POBLACION INTERNA DEL EPMSC ARMERO GUAYABAL TOLIMA"
            },
            {
              "releaseID": "13-9-368828-tender",
              "releaseDate": "2013-07-17T16:36:56.000Z",
              "releaseTag": [
                "planningUpdate",
                "tender"
              ],
              "value": null
            }
          ]
        },
        "tender": {
          "id": [
            {
              "releaseID": "13-9-368828-planning",
              "releaseDate": "2013-07-17T16:36:56.000Z",
              "releaseTag": [
                "planning"
              ],
              "value": "13-9-368828"
            }
          ],
          "status": [
            {
              "releaseID": "13-9-368828-planning",
              "releaseDate": "2013-07-17T16:36:56.000Z",
              "releaseTag": [
                "planning"
              ],
              "value": "planned"
            },
            {
              "releaseID": "13-9-368828-tender",
              "releaseDate": "2013-07-17T16:36:56.000Z",
              "releaseTag": [
                "planningUpdate",
                "tender"
              ],
              "value": "active"
            }
          ],
          "procurementMethod": [
            {
              "releaseID": "13-9-368828-planning",
              "releaseDate": "2013-07-17T16:36:56.000Z",
              "releaseTag": [
                "planning"
              ],
              "value": "open"
            }
          ],
          "description": [
            {
              "releaseID": "13-9-368828-planning",
              "releaseDate": "2013-07-17T16:36:56.000Z",
              "releaseTag": [
                "planning"
              ],
              "value": "ADQUISICION DE COLCHONETAS PARA LA DOTACION DESTINADOS A LA POBLACION INTERNA DEL EPMSC ARMERO GUAYABAL TOLIMA"
            }
          ],
          "title": [
            {
              "releaseID": "13-9-368828-planning",
              "releaseDate": "2013-07-17T16:36:56.000Z",
              "releaseTag": [
                "planning"
              ],
              "value": "623-033-2013"
            }
          ],
          "procuringEntity": {
            "id": [
              {
                "releaseID": "13-9-368828-planning",
                "releaseDate": "2013-07-17T16:36:56.000Z",
                "releaseTag": [
                  "planning"
                ],
                "value": "800215546"
              }
            ],
            "name": [
              {
                "releaseID": "13-9-368828-planning",
                "releaseDate": "2013-07-17T16:36:56.000Z",
                "releaseTag": [
                  "planning"
                ],
                "value": "INSTITUTO NACIONAL PENITENCIARIO Y CARCELARIO (INPEC)"
              }
            ]
          },
          "procurementMethodDetails": [
            {
              "releaseID": "13-9-368828-tender",
              "releaseDate": "2013-07-17T16:36:56.000Z",
              "releaseTag": [
                "planningUpdate",
                "tender"
              ],
              "value": "Subasta"
            }
          ],
          "value": {
            "amount": [
              {
                "releaseID": "13-9-368828-tender",
                "releaseDate": "2013-07-17T16:36:56.000Z",
                "releaseTag": [
                  "planningUpdate",
                  "tender"
                ],
                "value": 6725000
              }
            ]
          },
          "submissionMethod": [
            {
              "releaseID": "13-9-368828-tender",
              "releaseDate": "2013-07-17T16:36:56.000Z",
              "releaseTag": [
                "planningUpdate",
                "tender"
              ],
              "value": [
                "inPerson"
              ]
            }
          ],
          "submissionMethodDetails": [
            {
              "releaseID": "13-9-368828-tender",
              "releaseDate": "2013-07-17T16:36:56.000Z",
              "releaseTag": [
                "planningUpdate",
                "tender"
              ],
              "value": "Municipio obtención: Guayabal Municipio entrega: Guayabal Municipio ejecución: No definido Lugar aclaraciones: No definido"
            }
          ]
        }
      }
    }
  ]
}
