{
  "uri": "https://standard.open-contracting.org/examples/releases/ocds-k50g02-11-13-651832-tenderUpdate.json",
  "publisher": {
    "name": "Colombia Compra Eficiente"
  },
  "publishedDate": "2011-10-18T08:54:21.000Z",
  "version": "1.1",
  "releases": [
    {
      "date": "2011-10-18T08:54:21.000Z",
      "language": "es",
      "ocid": "ocds-k50g02-11-13-651832",
      "id": "11-13-651832-tenderUpdate",
      "tag": [
        "tenderAmendment"
      ],
      "initiationType": "tender",
      "parties": [
        {
          "name": "CAUCA - ALCALDÍA MUNICIPIO DE MERCADERES",
          "roles": [
            "procuringEntity",
            "buyer"
          ],
          "address": {
            "countryName": "COLOMBIA",
            "region": "Cauca",
            "locality": "Mercaderes"
          },
          "contactPoint": {
            "email": "derazo@example.com",
            "telephone": "152 2158746",
            "name": "DIEGO EDUARDO ERAZO GUERRERO"
          },
          "identifier": {
            "scheme": "CO-RUE",
            "id": "890701933",
            "legalName": "CAUCA - ALCALDÍA MUNICIPIO DE MERCADERES"
          },
          "id": "890701933"
        }
      ],
      "buyer": {
        "id": "890701933",
        "name": "CAUCA - ALCALDÍA MUNICIPIO DE MERCADERES"
      },
      "tender": {
        "id": "11-13-651832",
        "status": "active",
        "description": "CONSTRUCCIÓN DE OBRAS DE REHABILITACIÓN Y MANTENIMIENTO DE LA VÍA CARRETEABLE: VEREDA CURACAS-VEREDA LA MONJITA, EN UNA EXTENSIÓN DE SEIS (06) KILÓMETROS EN MUNICIPIO DE MERCADERES CAUCA.",
        "procurementMethod": "open",
        "submissionMethodDetails": "Municipio obtención: Mercaderes, Municipio entrega: Mercaderes, Municipio ejecución: No definido, Lugar aclaraciones: No definido",
        "procurementMethodDetails": "Contratación Mínima Cuantía",
        "value": {
          "amount": 5000000
        },
        "submissionMethod": [
          "inPerson"
        ],
        "procuringEntity": {
          "id": "890701933",
          "name": "CAUCA - ALCALDÍA MUNICIPIO DE MERCADERES"
        },
        "procurementMethodRationale": "Ninguna",
        "tenderPeriod": {
          "startDate": "2011-10-14T16:22:00.000Z",
          "endDate": "2011-10-26T00:00:00.000Z"
        },
        "contractPeriod": {
          "startDate": null,
          "endDate": null
        },
        "hasEnquiries": true,
        "amendments": [
          {
            "id": "01",
            "date": "2011-10-18T08:54:21.000Z",
            "amendsReleaseId": "11-13-651832-tender",
            "description": "Se ha removido el periodo estimado de contrato y se ha extendido el periodo de presentación de ofertas.",
            "rationale": "Luego de recibir consultas de potenciales proveedores, se ha decidido omitir el periodo estimado de contrato y dejarlo abierto a negociaciones con el proveedor adjudicado."
          }
        ]
      }
    }
  ]
}
