{
  "uri": "https://standard.open-contracting.org/examples/records/ocds-213czf-000-00002-merge.json",
  "publisher": {
    "scheme": "GB-COH",
    "uid": "09506232",
    "name": "Open Data Services Co-operative Limited",
    "uri": "https://standard.open-contracting.org/examples/"
  },
  "publishedDate": "2016-03-05T13:02:00Z",
  "license": "http://opendatacommons.org/licenses/pddl/1.0/",
  "publicationPolicy": "https://github.com/open-contracting/sample-data/",
  "version": "1.1",
  "packages": [
    "https://standard.open-contracting.org/examples/releases/ocds-213czf-000-00002-01-award1.json",
    "https://standard.open-contracting.org/examples/releases/ocds-213czf-000-00002-01-award2.json",
    "https://standard.open-contracting.org/examples/releases/ocds-213czf-000-00002-01-tender.json",
    "https://standard.open-contracting.org/examples/releases/ocds-213czf-000-00002-01-tender-update.json",
    "https://standard.open-contracting.org/examples/releases/ocds-213czf-000-00002-01-tender-amendment.json"
  ],
  "records": [
    {
      "ocid": "ocds-213czf-000-00002",
      "releases": [
        {
          "url": "https://standard.open-contracting.org/examples/releases/ocds-213czf-000-00002-01-award1.json#ocds-213czf-000-00002-01-award1",
          "date": "2016-03-01T09:30:00Z",
          "tag": [
            "award"
          ]
        },
        {
          "url": "https://standard.open-contracting.org/examples/releases/ocds-213czf-000-00002-01-award2.json#ocds-213czf-000-00002-01-award2",
          "date": "2016-03-03T09:30:00Z",
          "tag": [
            "award"
          ]
        },
        {
          "url": "https://standard.open-contracting.org/examples/releases/ocds-213czf-000-00002-01-tender.json#ocds-213czf-000-00002-01-tender",
          "date": "2016-01-01T09:30:00Z",
          "tag": [
            "tender"
          ]
        },
        {
          "url": "https://standard.open-contracting.org/examples/releases/ocds-213czf-000-00002-01-tender-update.json#ocds-213czf-000-00002-01-tender-update",
          "date": "2016-01-31T09:30:00Z",
          "tag": [
            "tenderUpdate"
          ]
        },
        {
          "url": "https://standard.open-contracting.org/examples/releases/ocds-213czf-000-00002-01-tender-amendment.json#ocds-213czf-000-00002-01-tender-amendment",
          "date": "2016-02-05T10:30:00Z",
          "tag": [
            "tenderAmendment"
          ]
        }
      ],
      "compiledRelease": {
        "tag": [
          "compiled"
        ],
        "id": "ocds-213czf-000-00002-2016-03-03T09:30:00Z",
        "date": "2016-03-03T09:30:00Z",
        "ocid": "ocds-213czf-000-00002",
        "language": "en",
        "initiationType": "tender",
        "parties": [
          {
            "id": "GB-COH-09506232",
            "name": "Open Data Services",
            "identifier": {
              "scheme": "GB-COH",
              "id": "09506232",
              "legalName": "Open Data Services Co-operative",
              "uri": "https://opencorporates.com/companies/gb/09506232"
            },
            "roles": [
              "buyer"
            ]
          }
        ],
        "buyer": {
          "id": "GB-COH-09506232",
          "name": "Open Data Services"
        },
        "tender": {
          "id": "ocds-213czf-000-00002-01-tender",
          "title": "Data merging tool",
          "description": "Creation of a data merging tool. The tool should by written in Python. Proposals should be submitted by e-mail.",
          "status": "active",
          "value": {
            "amount": 2000,
            "currency": "USD"
          },
          "procurementMethod": "open",
          "awardCriteria": "bestProposal",
          "submissionMethod": [
            "electronicSubmission"
          ],
          "tenderPeriod": {
            "startDate": "2016-01-31T09:00:00Z",
            "endDate": "2016-02-20T18:00:00Z"
          },
          "awardPeriod": {
            "startDate": "2016-04-01T00:00:00Z",
            "endDate": "2016-06-01T23:59:59Z"
          },
          "amendments": [
            {
              "id": "amendment-1",
              "date": "2016-02-04T09:30:00Z",
              "rationale": "Based on feedback from potential bidders, the total budget was increased by $1000, and the deadline extended",
              "amendsReleaseID": "ocds-213czf-000-00002-01-tender",
              "releaseID": "ocds-213czf-000-00002-01-tender-amendment"
            }
          ]
        },
        "awards": [
          {
            "id": "ocds-213czf-000-00002-award-supplier-one",
            "title": "Award of contract to create the data merging tool.",
            "description": "Supplier 1 has been commissioned to create the merge tool. A separate contract will be awarded to write the documentation",
            "status": "active",
            "date": "2016-03-01T09:30:00Z",
            "value": {
              "amount": 750,
              "currency": "USD"
            }
          },
          {
            "id": "ocds-213czf-000-00002-award-supplier-two",
            "title": "Award of contract to create the data merging tool.",
            "description": "Supplier 2 has been commissioned to create the documentation. A separate contract will be awarded to create the tool",
            "status": "active",
            "date": "2016-03-03T09:30:00Z",
            "value": {
              "amount": 750,
              "currency": "USD"
            }
          }
        ]
      }
    }
  ]
}
