{
  "uri": "https://standard.open-contracting.org/examples/releases/ocds-213czf-000-00002-01-tender.json",
  "publishedDate": "2016-01-01T09:30:00Z",
  "publisher": {
    "scheme": "GB-COH",
    "uid": "09506232",
    "name": "Open Data Services Co-operative Limited",
    "uri": "https://standard.open-contracting.org/examples/"
  },
  "license": "http://opendatacommons.org/licenses/pddl/1.0/",
  "publicationPolicy": "https://github.com/open-contracting/sample-data/",
  "version": "1.1",
  "extensions": [],
  "releases": [
    {
      "ocid": "ocds-213czf-000-00002",
      "id": "ocds-213czf-000-00002-01-tender",
      "date": "2016-01-01T09:30:00Z",
      "language": "en",
      "tag": [
        "tender"
      ],
      "initiationType": "tender",
      "parties": [
        {
          "name": "Open Data Services",
          "identifier": {
            "scheme": "GB-COH",
            "id": "09506232",
            "legalName": "Open Data Services Co-operative",
            "uri": "https://opencorporates.com/companies/gb/09506232"
          },
          "roles": [
            "buyer"
          ],
          "id": "GB-COH-09506232"
        }
      ],
      "buyer": {
        "id": "GB-COH-09506232",
        "name": "Open Data Services"
      },
      "tender": {
        "id": "ocds-213czf-000-00002-01-tender",
        "title": "Data merging tool",
        "description": "Data merge tool.",
        "status": "active",
        "value": {
          "amount": 1000,
          "currency": "USD"
        },
        "procurementMethod": "open",
        "awardCriteria": "bestProposal",
        "submissionMethod": [
          "electronicSubmission"
        ],
        "tenderPeriod": {
          "startDate": "2016-01-31T09:00:00Z",
          "endDate": "2016-02-15T18:00:00Z"
        },
        "awardPeriod": {
          "startDate": "2016-04-01T00:00:00Z",
          "endDate": "2016-06-01T23:59:59Z"
        }
      }
    }
  ]
}
