{
  "uri": "https://standard.open-contracting.org/examples/releases/ocds-213czf-000-00002-01-award2.json",
  "publishedDate": "2016-03-03T09:30:00Z",
  "publisher": {
    "scheme": "GB-COH",
    "uid": "09506232",
    "name": "Open Data Services Co-operative Limited",
    "uri": "https://standard.open-contracting.org/examples/"
  },
  "license": "http://opendatacommons.org/licenses/pddl/1.0/",
  "publicationPolicy": "https://github.com/open-contracting/sample-data/",
  "version": "1.1",
  "extensions": [],
  "releases": [
    {
      "ocid": "ocds-213czf-000-00002",
      "id": "ocds-213czf-000-00002-01-award2",
      "date": "2016-03-03T09:30:00Z",
      "language": "en",
      "tag": [
        "award"
      ],
      "initiationType": "tender",
      "parties": [
        {
          "name": "Open Data Services",
          "identifier": {
            "scheme": "GB-COH",
            "id": "09506232",
            "legalName": "Open Data Services Co-operative",
            "uri": "https://opencorporates.com/companies/gb/09506232"
          },
          "roles": [
            "buyer"
          ],
          "id": "GB-COH-09506232"
        }
      ],
      "buyer": {
        "id": "GB-COH-09506232",
        "name": "Open Data Services"
      },
      "awards": [
        {
          "id": "ocds-213czf-000-00002-award-supplier-two",
          "title": "Award of contract to create the data merging tool.",
          "description": "Supplier 2 has been commissioned to create the documentation. A separate contract will be awarded to create the tool",
          "status": "active",
          "date": "2016-03-03T09:30:00Z",
          "value": {
            "amount": 750,
            "currency": "USD"
          }
        }
      ]
    }
  ]
}
