{
  "uri": "https://standard.open-contracting.org/examples/records/ocds-213czf-000-00002-merge.json",
  "publisher": {
    "scheme": "GB-COH",
    "uid": "09506232",
    "name": "Open Data Services Co-operative Limited",
    "uri": "https://standard.open-contracting.org/examples/"
  },
  "publishedDate": "2016-03-05T13:02:00Z",
  "license": "http://opendatacommons.org/licenses/pddl/1.0/",
  "publicationPolicy": "https://github.com/open-contracting/sample-data/",
  "version": "1.1",
  "packages": [
    "https://standard.open-contracting.org/examples/releases/ocds-213czf-000-00002-01-award1.json",
    "https://standard.open-contracting.org/examples/releases/ocds-213czf-000-00002-01-award2.json",
    "https://standard.open-contracting.org/examples/releases/ocds-213czf-000-00002-01-tender.json",
    "https://standard.open-contracting.org/examples/releases/ocds-213czf-000-00002-01-tender-update.json",
    "https://standard.open-contracting.org/examples/releases/ocds-213czf-000-00002-01-tender-amendment.json"
  ],
  "records": [
    {
      "ocid": "ocds-213czf-000-00002",
      "releases": [
        {
          "url": "https://standard.open-contracting.org/examples/releases/ocds-213czf-000-00002-01-award1.json#ocds-213czf-000-00002-01-award1",
          "date": "2016-03-01T09:30:00Z",
          "tag": [
            "award"
          ]
        },
        {
          "url": "https://standard.open-contracting.org/examples/releases/ocds-213czf-000-00002-01-award2.json#ocds-213czf-000-00002-01-award2",
          "date": "2016-03-03T09:30:00Z",
          "tag": [
            "award"
          ]
        },
        {
          "url": "https://standard.open-contracting.org/examples/releases/ocds-213czf-000-00002-01-tender.json#ocds-213czf-000-00002-01-tender",
          "date": "2016-01-01T09:30:00Z",
          "tag": [
            "tender"
          ]
        },
        {
          "url": "https://standard.open-contracting.org/examples/releases/ocds-213czf-000-00002-01-tender-update.json#ocds-213czf-000-00002-01-tender-update",
          "date": "2016-01-31T09:30:00Z",
          "tag": [
            "tenderUpdate"
          ]
        },
        {
          "url": "https://standard.open-contracting.org/examples/releases/ocds-213czf-000-00002-01-tender-amendment.json#ocds-213czf-000-00002-01-tender-amendment",
          "date": "2016-02-05T10:30:00Z",
          "tag": [
            "tenderAmendment"
          ]
        }
      ],
      "compiledRelease": {
        "tag": [
          "compiled"
        ],
        "id": "ocds-213czf-000-00002-2016-03-03T09:30:00Z",
        "date": "2016-03-03T09:30:00Z",
        "ocid": "ocds-213czf-000-00002",
        "language": "en",
        "initiationType": "tender",
        "parties": [
          {
            "id": "GB-COH-09506232",
            "name": "Open Data Services",
            "identifier": {
              "scheme": "GB-COH",
              "id": "09506232",
              "legalName": "Open Data Services Co-operative",
              "uri": "https://opencorporates.com/companies/gb/09506232"
            },
            "roles": [
              "buyer"
            ]
          }
        ],
        "buyer": {
          "id": "GB-COH-09506232",
          "name": "Open Data Services"
        },
        "tender": {
          "id": "ocds-213czf-000-00002-01-tender",
          "title": "Data merging tool",
          "description": "Creation of a data merging tool. The tool should by written in Python. Proposals should be submitted by e-mail.",
          "status": "active",
          "value": {
            "amount": 2000,
            "currency": "USD"
          },
          "procurementMethod": "open",
          "awardCriteria": "bestProposal",
          "submissionMethod": [
            "electronicSubmission"
          ],
          "tenderPeriod": {
            "startDate": "2016-01-31T09:00:00Z",
            "endDate": "2016-02-20T18:00:00Z"
          },
          "awardPeriod": {
            "startDate": "2016-04-01T00:00:00Z",
            "endDate": "2016-06-01T23:59:59Z"
          },
          "amendments": [
            {
              "id": "amendment-1",
              "date": "2016-02-04T09:30:00Z",
              "rationale": "Based on feedback from potential bidders, the total budget was increased by $1000, and the deadline extended",
              "amendsReleaseID": "ocds-213czf-000-00002-01-tender",
              "releaseID": "ocds-213czf-000-00002-01-tender-amendment"
            }
          ]
        },
        "awards": [
          {
            "id": "ocds-213czf-000-00002-award-supplier-one",
            "title": "Award of contract to create the data merging tool.",
            "description": "Supplier 1 has been commissioned to create the merge tool. A separate contract will be awarded to write the documentation",
            "status": "active",
            "date": "2016-03-01T09:30:00Z",
            "value": {
              "amount": 750,
              "currency": "USD"
            }
          },
          {
            "id": "ocds-213czf-000-00002-award-supplier-two",
            "title": "Award of contract to create the data merging tool.",
            "description": "Supplier 2 has been commissioned to create the documentation. A separate contract will be awarded to create the tool",
            "status": "active",
            "date": "2016-03-03T09:30:00Z",
            "value": {
              "amount": 750,
              "currency": "USD"
            }
          }
        ]
      },
      "versionedRelease": {
        "ocid": "ocds-213czf-000-00002",
        "language": [
          {
            "releaseID": "ocds-213czf-000-00002-01-tender",
            "releaseDate": "2016-01-01T09:30:00Z",
            "releaseTag": [
              "tender"
            ],
            "value": "en"
          }
        ],
        "initiationType": [
          {
            "releaseID": "ocds-213czf-000-00002-01-tender",
            "releaseDate": "2016-01-01T09:30:00Z",
            "releaseTag": [
              "tender"
            ],
            "value": "tender"
          }
        ],
        "parties": [
          {
            "id": "GB-COH-09506232",
            "name": [
              {
                "releaseID": "ocds-213czf-000-00002-01-tender",
                "releaseDate": "2016-01-01T09:30:00Z",
                "releaseTag": [
                  "tender"
                ],
                "value": "Open Data Services"
              }
            ],
            "identifier": {
              "scheme": [
                {
                  "releaseID": "ocds-213czf-000-00002-01-tender",
                  "releaseDate": "2016-01-01T09:30:00Z",
                  "releaseTag": [
                    "tender"
                  ],
                  "value": "GB-COH"
                }
              ],
              "id": [
                {
                  "releaseID": "ocds-213czf-000-00002-01-tender",
                  "releaseDate": "2016-01-01T09:30:00Z",
                  "releaseTag": [
                    "tender"
                  ],
                  "value": "09506232"
                }
              ],
              "legalName": [
                {
                  "releaseID": "ocds-213czf-000-00002-01-tender",
                  "releaseDate": "2016-01-01T09:30:00Z",
                  "releaseTag": [
                    "tender"
                  ],
                  "value": "Open Data Services Co-operative"
                }
              ],
              "uri": [
                {
                  "releaseID": "ocds-213czf-000-00002-01-tender",
                  "releaseDate": "2016-01-01T09:30:00Z",
                  "releaseTag": [
                    "tender"
                  ],
                  "value": "https://opencorporates.com/companies/gb/09506232"
                }
              ]
            },
            "roles": [
              {
                "releaseID": "ocds-213czf-000-00002-01-tender",
                "releaseDate": "2016-01-01T09:30:00Z",
                "releaseTag": [
                  "tender"
                ],
                "value": [
                  "buyer"
                ]
              }
            ]
          }
        ],
        "buyer": {
          "id": [
            {
              "releaseID": "ocds-213czf-000-00002-01-tender",
              "releaseDate": "2016-01-01T09:30:00Z",
              "releaseTag": [
                "tender"
              ],
              "value": "GB-COH-09506232"
            }
          ],
          "name": [
            {
              "releaseID": "ocds-213czf-000-00002-01-tender",
              "releaseDate": "2016-01-01T09:30:00Z",
              "releaseTag": [
                "tender"
              ],
              "value": "Open Data Services"
            }
          ]
        },
        "tender": {
          "id": [
            {
              "releaseID": "ocds-213czf-000-00002-01-tender",
              "releaseDate": "2016-01-01T09:30:00Z",
              "releaseTag": [
                "tender"
              ],
              "value": "ocds-213czf-000-00002-01-tender"
            }
          ],
          "title": [
            {
              "releaseID": "ocds-213czf-000-00002-01-tender",
              "releaseDate": "2016-01-01T09:30:00Z",
              "releaseTag": [
                "tender"
              ],
              "value": "Data merging tool"
            }
          ],
          "description": [
            {
              "releaseID": "ocds-213czf-000-00002-01-tender",
              "releaseDate": "2016-01-01T09:30:00Z",
              "releaseTag": [
                "tender"
              ],
              "value": "Data merge tool."
            },
            {
              "releaseID": "ocds-213czf-000-00002-01-tender-update",
              "releaseDate": "2016-01-31T09:30:00Z",
              "releaseTag": [
                "tenderUpdate"
              ],
              "value": "Creation of a data merging tool. The tool should by written in Python. Proposals should be submitted by e-mail."
            }
          ],
          "status": [
            {
              "releaseID": "ocds-213czf-000-00002-01-tender",
              "releaseDate": "2016-01-01T09:30:00Z",
              "releaseTag": [
                "tender"
              ],
              "value": "active"
            }
          ],
          "value": {
            "amount": [
              {
                "releaseID": "ocds-213czf-000-00002-01-tender",
                "releaseDate": "2016-01-01T09:30:00Z",
                "releaseTag": [
                  "tender"
                ],
                "value": 1000
              },
              {
                "releaseID": "ocds-213czf-000-00002-01-tender-amendment",
                "releaseDate": "2016-02-05T10:30:00Z",
                "releaseTag": [
                  "tenderAmendment"
                ],
                "value": 2000
              }
            ],
            "currency": [
              {
                "releaseID": "ocds-213czf-000-00002-01-tender",
                "releaseDate": "2016-01-01T09:30:00Z",
                "releaseTag": [
                  "tender"
                ],
                "value": "USD"
              }
            ]
          },
          "procurementMethod": [
            {
              "releaseID": "ocds-213czf-000-00002-01-tender",
              "releaseDate": "2016-01-01T09:30:00Z",
              "releaseTag": [
                "tender"
              ],
              "value": "open"
            }
          ],
          "awardCriteria": [
            {
              "releaseID": "ocds-213czf-000-00002-01-tender",
              "releaseDate": "2016-01-01T09:30:00Z",
              "releaseTag": [
                "tender"
              ],
              "value": "bestProposal"
            }
          ],
          "submissionMethod": [
            {
              "releaseID": "ocds-213czf-000-00002-01-tender",
              "releaseDate": "2016-01-01T09:30:00Z",
              "releaseTag": [
                "tender"
              ],
              "value": [
                "electronicSubmission"
              ]
            }
          ],
          "tenderPeriod": {
            "startDate": [
              {
                "releaseID": "ocds-213czf-000-00002-01-tender",
                "releaseDate": "2016-01-01T09:30:00Z",
                "releaseTag": [
                  "tender"
                ],
                "value": "2016-01-31T09:00:00Z"
              }
            ],
            "endDate": [
              {
                "releaseID": "ocds-213czf-000-00002-01-tender",
                "releaseDate": "2016-01-01T09:30:00Z",
                "releaseTag": [
                  "tender"
                ],
                "value": "2016-02-15T18:00:00Z"
              },
              {
                "releaseID": "ocds-213czf-000-00002-01-tender-amendment",
                "releaseDate": "2016-02-05T10:30:00Z",
                "releaseTag": [
                  "tenderAmendment"
                ],
                "value": "2016-02-20T18:00:00Z"
              }
            ]
          },
          "awardPeriod": {
            "startDate": [
              {
                "releaseID": "ocds-213czf-000-00002-01-tender",
                "releaseDate": "2016-01-01T09:30:00Z",
                "releaseTag": [
                  "tender"
                ],
                "value": "2016-04-01T00:00:00Z"
              }
            ],
            "endDate": [
              {
                "releaseID": "ocds-213czf-000-00002-01-tender",
                "releaseDate": "2016-01-01T09:30:00Z",
                "releaseTag": [
                  "tender"
                ],
                "value": "2016-06-01T23:59:59Z"
              }
            ]
          },
          "amendments": [
            {
              "id": "amendment-1",
              "date": [
                {
                  "releaseID": "ocds-213czf-000-00002-01-tender-amendment",
                  "releaseDate": "2016-02-05T10:30:00Z",
                  "releaseTag": [
                    "tenderAmendment"
                  ],
                  "value": "2016-02-04T09:30:00Z"
                }
              ],
              "rationale": [
                {
                  "releaseID": "ocds-213czf-000-00002-01-tender-amendment",
                  "releaseDate": "2016-02-05T10:30:00Z",
                  "releaseTag": [
                    "tenderAmendment"
                  ],
                  "value": "Based on feedback from potential bidders, the total budget was increased by $1000, and the deadline extended"
                }
              ],
              "amendsReleaseID": [
                {
                  "releaseID": "ocds-213czf-000-00002-01-tender-amendment",
                  "releaseDate": "2016-02-05T10:30:00Z",
                  "releaseTag": [
                    "tenderAmendment"
                  ],
                  "value": "ocds-213czf-000-00002-01-tender"
                }
              ],
              "releaseID": [
                {
                  "releaseID": "ocds-213czf-000-00002-01-tender-amendment",
                  "releaseDate": "2016-02-05T10:30:00Z",
                  "releaseTag": [
                    "tenderAmendment"
                  ],
                  "value": "ocds-213czf-000-00002-01-tender-amendment"
                }
              ]
            }
          ]
        },
        "awards": [
          {
            "id": "ocds-213czf-000-00002-award-supplier-one",
            "title": [
              {
                "releaseID": "ocds-213czf-000-00002-01-award1",
                "releaseDate": "2016-03-01T09:30:00Z",
                "releaseTag": [
                  "award"
                ],
                "value": "Award of contract to create the data merging tool."
              }
            ],
            "description": [
              {
                "releaseID": "ocds-213czf-000-00002-01-award1",
                "releaseDate": "2016-03-01T09:30:00Z",
                "releaseTag": [
                  "award"
                ],
                "value": "Supplier 1 has been commissioned to create the merge tool. A separate contract will be awarded to write the documentation"
              }
            ],
            "status": [
              {
                "releaseID": "ocds-213czf-000-00002-01-award1",
                "releaseDate": "2016-03-01T09:30:00Z",
                "releaseTag": [
                  "award"
                ],
                "value": "active"
              }
            ],
            "date": [
              {
                "releaseID": "ocds-213czf-000-00002-01-award1",
                "releaseDate": "2016-03-01T09:30:00Z",
                "releaseTag": [
                  "award"
                ],
                "value": "2016-03-01T09:30:00Z"
              }
            ],
            "value": {
              "amount": [
                {
                  "releaseID": "ocds-213czf-000-00002-01-award1",
                  "releaseDate": "2016-03-01T09:30:00Z",
                  "releaseTag": [
                    "award"
                  ],
                  "value": 750
                }
              ],
              "currency": [
                {
                  "releaseID": "ocds-213czf-000-00002-01-award1",
                  "releaseDate": "2016-03-01T09:30:00Z",
                  "releaseTag": [
                    "award"
                  ],
                  "value": "USD"
                }
              ]
            }
          },
          {
            "id": "ocds-213czf-000-00002-award-supplier-two",
            "title": [
              {
                "releaseID": "ocds-213czf-000-00002-01-award2",
                "releaseDate": "2016-03-03T09:30:00Z",
                "releaseTag": [
                  "award"
                ],
                "value": "Award of contract to create the data merging tool."
              }
            ],
            "description": [
              {
                "releaseID": "ocds-213czf-000-00002-01-award2",
                "releaseDate": "2016-03-03T09:30:00Z",
                "releaseTag": [
                  "award"
                ],
                "value": "Supplier 2 has been commissioned to create the documentation. A separate contract will be awarded to create the tool"
              }
            ],
            "status": [
              {
                "releaseID": "ocds-213czf-000-00002-01-award2",
                "releaseDate": "2016-03-03T09:30:00Z",
                "releaseTag": [
                  "award"
                ],
                "value": "active"
              }
            ],
            "date": [
              {
                "releaseID": "ocds-213czf-000-00002-01-award2",
                "releaseDate": "2016-03-03T09:30:00Z",
                "releaseTag": [
                  "award"
                ],
                "value": "2016-03-03T09:30:00Z"
              }
            ],
            "value": {
              "amount": [
                {
                  "releaseID": "ocds-213czf-000-00002-01-award2",
                  "releaseDate": "2016-03-03T09:30:00Z",
                  "releaseTag": [
                    "award"
                  ],
                  "value": 750
                }
              ],
              "currency": [
                {
                  "releaseID": "ocds-213czf-000-00002-01-award2",
                  "releaseDate": "2016-03-03T09:30:00Z",
                  "releaseTag": [
                    "award"
                  ],
                  "value": "USD"
                }
              ]
            }
          }
        ]
      }
    }
  ]
}
