{
  "uri": "https://standard.open-contracting.org/examples/records/ocds-d2phr6-1000035663",
  "publisher": {
    "name": "Department of Finance"
  },
  "publishedDate": "",
  "license": "https://creativecommons.org/licenses/by/3.0/au/",
  "version": "1.1",
  "packages": [
    "https://standard.open-contracting.org/examples/release-packages/ocds-d2phr6-1000035663"
  ],
  "records": [
    {
      "ocid": "ocds-d2phr6-1000035663",
      "releases": [
        {
          "language": "en",
          "ocid": "ocds-d2phr6-1000035663",
          "initiationType": "tender",
          "date": "2015-04-04T00:00:00Z",
          "tag": [
            "tender"
          ],
          "parties": [
            {
              "identifiers": {
                "scheme": "AU-ABN",
                "id": "61970632495"
              },
              "name": "DEPARTMENT OF FINANCE AND DEREGULATION",
              "roles": [
                "supplier"
              ],
              "address": {
                "postalCode": "2600",
                "countryName": "AUSTRALIA",
                "region": "ACT",
                "streetAddress": "JOHN GORTON BUILDING, KING EDWARD TERRACE, PARKES",
                "locality": "CANBERRA"
              },
              "contactPoint": {
                "name": "Group Admin Officer",
                "telephone": "02 6240 7421"
              },
              "id": "ac3545c6a1e90c4074832acb210b4963"
            }
          ],
          "tender": {
            "procurementMethod": "limited",
            "procurementMethodDetails": "Limited tender",
            "id": "ocds-d2phr6-6dcfcc44c9933c18d7f3cfa088de3319",
            "status": "complete"
          },
          "id": "ocds-d2phr6-1000035663-tender-2015-04-04T00:00:00Z"
        },
        {
          "language": "en",
          "contracts": [
            {
              "status": "active",
              "description": "Drupal websites in govCMS Platform Solution.",
              "title": "4400027941",
              "items": [
                {
                  "id": "81112200-6dcfcc43c5cf7a3e30ae7561f054e523",
                  "classification": {
                    "scheme": "UNSPSC",
                    "id": "81112200"
                  }
                }
              ],
              "period": {
                "startDate": "2015-06-01T02:00:00Z",
                "endDate": "2017-06-22T02:00:00Z"
              },
              "value": {
                "currency": "AUD",
                "amount": "623386.00"
              },
              "dateSigned": "2015-06-01T02:00:00Z",
              "awardID": "CN3437424-6dcfcc43c5cf7a3e30ae7561f054e523",
              "id": "CN3437424"
            }
          ],
          "ocid": "ocds-d2phr6-1000035663",
          "initiationType": "tender",
          "date": "2015-05-04T00:00:00Z",
          "tag": [
            "award",
            "contract"
          ],
          "awards": [
            {
              "date": "2015-04-15T00:00:00Z",
              "suppliers": [
                {
                  "id": "ac3545c6a1e90c4074832acb210b4963",
                  "name": "DEPARTMENT OF FINANCE AND DEREGULATION"
                }
              ],
              "id": "CN3437424-6dcfcc43c5cf7a3e30ae7561f054e523"
            }
          ],
          "parties": [
            {
              "identifiers": {
                "scheme": "AU-ABN",
                "id": "61970632495"
              },
              "name": "DEPARTMENT OF FINANCE AND DEREGULATION",
              "roles": [
                "supplier"
              ],
              "address": {
                "postalCode": "2600",
                "countryName": "AUSTRALIA",
                "region": "ACT",
                "streetAddress": "JOHN GORTON BUILDING, KING EDWARD TERRACE, PARKES",
                "locality": "CANBERRA"
              },
              "contactPoint": {
                "name": "Group Admin Officer",
                "telephone": "02 6240 7421"
              },
              "id": "ac3545c6a1e90c4074832acb210b4963"
            },
            {
              "identifiers": {
                "scheme": "AU-ABN",
                "id": "54201218474"
              },
              "name": "Department of Jobs and Small Business",
              "roles": [
                "procuringEntity"
              ],
              "contactPoint": {
                "email": "tenders@finance.gov.au"
              },
              "id": "4547d5fbfb37bfc81fc70b15dd3fe4a5"
            }
          ],
          "id": "ocds-d2phr6-1000035663-contract-2015-05-04T00:00:00Z"
        },
        {
          "ocid": "ocds-d2phr6-1000035663",
          "id": "ocds-d2phr6-1000035663-contract-2018-06-21T00:00:00Z",
          "date": "2018-06-21T00:00:00Z",
          "tag": [
            "contract",
            "contractAmendment"
          ],
          "contracts": [
            {
              "id": "CN3437424",
              "value": {
                "amount": "755969.71",
                "currency": "AUD"
              },
              "period": {
                "startDate": "2015-06-01T00:00:00Z",
                "endDate": "2019-06-30T00:00:00Z"
              },
              "amendments": [
                {
                  "id": "CN3437424-A1",
                  "date": "2018-06-20T00:00:00Z",
                  "description": "Drupal websites in govCMS Platform Solution. Contract was previosly reported 1-Jun-2015 to 22-Jun-2017 therefore using amendement start date and variation value to original value",
                  "amendsReleaseID": "ocds-d2phr6-1000035663-contract-2015-05-04T00:00:00Z",
                  "releaseID": "ocds-d2phr6-1000035663-contract-2018-06-21T00:00:00Z"
                }
              ]
            }
          ]
        }
      ],
      "compiledRelease": {
        "tag": [
          "compiled"
        ],
        "id": "ocds-d2phr6-1000035663-2018-06-21T00:00:00Z",
        "date": "2018-06-21T00:00:00Z",
        "ocid": "ocds-d2phr6-1000035663",
        "language": "en",
        "initiationType": "tender",
        "parties": [
          {
            "id": "ac3545c6a1e90c4074832acb210b4963",
            "identifiers": {
              "scheme": "AU-ABN",
              "id": "61970632495"
            },
            "name": "DEPARTMENT OF FINANCE AND DEREGULATION",
            "roles": [
              "supplier"
            ],
            "address": {
              "postalCode": "2600",
              "countryName": "AUSTRALIA",
              "region": "ACT",
              "streetAddress": "JOHN GORTON BUILDING, KING EDWARD TERRACE, PARKES",
              "locality": "CANBERRA"
            },
            "contactPoint": {
              "name": "Group Admin Officer",
              "telephone": "02 6240 7421"
            }
          },
          {
            "id": "4547d5fbfb37bfc81fc70b15dd3fe4a5",
            "identifiers": {
              "scheme": "AU-ABN",
              "id": "54201218474"
            },
            "name": "Department of Jobs and Small Business",
            "roles": [
              "procuringEntity"
            ],
            "contactPoint": {
              "email": "tenders@finance.gov.au"
            }
          }
        ],
        "tender": {
          "procurementMethod": "limited",
          "procurementMethodDetails": "Limited tender",
          "id": "ocds-d2phr6-6dcfcc44c9933c18d7f3cfa088de3319",
          "status": "complete"
        },
        "contracts": [
          {
            "id": "CN3437424",
            "status": "active",
            "description": "Drupal websites in govCMS Platform Solution.",
            "title": "4400027941",
            "items": [
              {
                "id": "81112200-6dcfcc43c5cf7a3e30ae7561f054e523",
                "classification": {
                  "scheme": "UNSPSC",
                  "id": "81112200"
                }
              }
            ],
            "period": {
              "startDate": "2015-06-01T00:00:00Z",
              "endDate": "2019-06-30T00:00:00Z"
            },
            "value": {
              "currency": "AUD",
              "amount": "755969.71"
            },
            "dateSigned": "2015-06-01T02:00:00Z",
            "awardID": "CN3437424-6dcfcc43c5cf7a3e30ae7561f054e523",
            "amendments": [
              {
                "id": "CN3437424-A1",
                "date": "2018-06-20T00:00:00Z",
                "description": "Drupal websites in govCMS Platform Solution. Contract was previosly reported 1-Jun-2015 to 22-Jun-2017 therefore using amendement start date and variation value to original value",
                "amendsReleaseID": "ocds-d2phr6-1000035663-contract-2015-05-04T00:00:00Z",
                "releaseID": "ocds-d2phr6-1000035663-contract-2018-06-21T00:00:00Z"
              }
            ]
          }
        ],
        "awards": [
          {
            "id": "CN3437424-6dcfcc43c5cf7a3e30ae7561f054e523",
            "date": "2015-04-15T00:00:00Z",
            "suppliers": [
              {
                "id": "ac3545c6a1e90c4074832acb210b4963",
                "name": "DEPARTMENT OF FINANCE AND DEREGULATION"
              }
            ]
          }
        ]
      },
      "versionedRelease": {
        "ocid": "ocds-d2phr6-1000035663",
        "language": [
          {
            "releaseID": "ocds-d2phr6-1000035663-tender-2015-04-04T00:00:00Z",
            "releaseDate": "2015-04-04T00:00:00Z",
            "releaseTag": [
              "tender"
            ],
            "value": "en"
          }
        ],
        "initiationType": [
          {
            "releaseID": "ocds-d2phr6-1000035663-tender-2015-04-04T00:00:00Z",
            "releaseDate": "2015-04-04T00:00:00Z",
            "releaseTag": [
              "tender"
            ],
            "value": "tender"
          }
        ],
        "parties": [
          {
            "id": "ac3545c6a1e90c4074832acb210b4963",
            "identifiers": {
              "scheme": [
                {
                  "releaseID": "ocds-d2phr6-1000035663-tender-2015-04-04T00:00:00Z",
                  "releaseDate": "2015-04-04T00:00:00Z",
                  "releaseTag": [
                    "tender"
                  ],
                  "value": "AU-ABN"
                }
              ],
              "id": [
                {
                  "releaseID": "ocds-d2phr6-1000035663-tender-2015-04-04T00:00:00Z",
                  "releaseDate": "2015-04-04T00:00:00Z",
                  "releaseTag": [
                    "tender"
                  ],
                  "value": "61970632495"
                }
              ]
            },
            "name": [
              {
                "releaseID": "ocds-d2phr6-1000035663-tender-2015-04-04T00:00:00Z",
                "releaseDate": "2015-04-04T00:00:00Z",
                "releaseTag": [
                  "tender"
                ],
                "value": "DEPARTMENT OF FINANCE AND DEREGULATION"
              }
            ],
            "roles": [
              {
                "releaseID": "ocds-d2phr6-1000035663-tender-2015-04-04T00:00:00Z",
                "releaseDate": "2015-04-04T00:00:00Z",
                "releaseTag": [
                  "tender"
                ],
                "value": [
                  "supplier"
                ]
              }
            ],
            "address": {
              "postalCode": [
                {
                  "releaseID": "ocds-d2phr6-1000035663-tender-2015-04-04T00:00:00Z",
                  "releaseDate": "2015-04-04T00:00:00Z",
                  "releaseTag": [
                    "tender"
                  ],
                  "value": "2600"
                }
              ],
              "countryName": [
                {
                  "releaseID": "ocds-d2phr6-1000035663-tender-2015-04-04T00:00:00Z",
                  "releaseDate": "2015-04-04T00:00:00Z",
                  "releaseTag": [
                    "tender"
                  ],
                  "value": "AUSTRALIA"
                }
              ],
              "region": [
                {
                  "releaseID": "ocds-d2phr6-1000035663-tender-2015-04-04T00:00:00Z",
                  "releaseDate": "2015-04-04T00:00:00Z",
                  "releaseTag": [
                    "tender"
                  ],
                  "value": "ACT"
                }
              ],
              "streetAddress": [
                {
                  "releaseID": "ocds-d2phr6-1000035663-tender-2015-04-04T00:00:00Z",
                  "releaseDate": "2015-04-04T00:00:00Z",
                  "releaseTag": [
                    "tender"
                  ],
                  "value": "JOHN GORTON BUILDING, KING EDWARD TERRACE, PARKES"
                }
              ],
              "locality": [
                {
                  "releaseID": "ocds-d2phr6-1000035663-tender-2015-04-04T00:00:00Z",
                  "releaseDate": "2015-04-04T00:00:00Z",
                  "releaseTag": [
                    "tender"
                  ],
                  "value": "CANBERRA"
                }
              ]
            },
            "contactPoint": {
              "name": [
                {
                  "releaseID": "ocds-d2phr6-1000035663-tender-2015-04-04T00:00:00Z",
                  "releaseDate": "2015-04-04T00:00:00Z",
                  "releaseTag": [
                    "tender"
                  ],
                  "value": "Group Admin Officer"
                }
              ],
              "telephone": [
                {
                  "releaseID": "ocds-d2phr6-1000035663-tender-2015-04-04T00:00:00Z",
                  "releaseDate": "2015-04-04T00:00:00Z",
                  "releaseTag": [
                    "tender"
                  ],
                  "value": "02 6240 7421"
                }
              ]
            }
          },
          {
            "id": "4547d5fbfb37bfc81fc70b15dd3fe4a5",
            "identifiers": {
              "scheme": [
                {
                  "releaseID": "ocds-d2phr6-1000035663-contract-2015-05-04T00:00:00Z",
                  "releaseDate": "2015-05-04T00:00:00Z",
                  "releaseTag": [
                    "award",
                    "contract"
                  ],
                  "value": "AU-ABN"
                }
              ],
              "id": [
                {
                  "releaseID": "ocds-d2phr6-1000035663-contract-2015-05-04T00:00:00Z",
                  "releaseDate": "2015-05-04T00:00:00Z",
                  "releaseTag": [
                    "award",
                    "contract"
                  ],
                  "value": "54201218474"
                }
              ]
            },
            "name": [
              {
                "releaseID": "ocds-d2phr6-1000035663-contract-2015-05-04T00:00:00Z",
                "releaseDate": "2015-05-04T00:00:00Z",
                "releaseTag": [
                  "award",
                  "contract"
                ],
                "value": "Department of Jobs and Small Business"
              }
            ],
            "roles": [
              {
                "releaseID": "ocds-d2phr6-1000035663-contract-2015-05-04T00:00:00Z",
                "releaseDate": "2015-05-04T00:00:00Z",
                "releaseTag": [
                  "award",
                  "contract"
                ],
                "value": [
                  "procuringEntity"
                ]
              }
            ],
            "contactPoint": {
              "email": [
                {
                  "releaseID": "ocds-d2phr6-1000035663-contract-2015-05-04T00:00:00Z",
                  "releaseDate": "2015-05-04T00:00:00Z",
                  "releaseTag": [
                    "award",
                    "contract"
                  ],
                  "value": "tenders@finance.gov.au"
                }
              ]
            }
          }
        ],
        "tender": {
          "procurementMethod": [
            {
              "releaseID": "ocds-d2phr6-1000035663-tender-2015-04-04T00:00:00Z",
              "releaseDate": "2015-04-04T00:00:00Z",
              "releaseTag": [
                "tender"
              ],
              "value": "limited"
            }
          ],
          "procurementMethodDetails": [
            {
              "releaseID": "ocds-d2phr6-1000035663-tender-2015-04-04T00:00:00Z",
              "releaseDate": "2015-04-04T00:00:00Z",
              "releaseTag": [
                "tender"
              ],
              "value": "Limited tender"
            }
          ],
          "id": [
            {
              "releaseID": "ocds-d2phr6-1000035663-tender-2015-04-04T00:00:00Z",
              "releaseDate": "2015-04-04T00:00:00Z",
              "releaseTag": [
                "tender"
              ],
              "value": "ocds-d2phr6-6dcfcc44c9933c18d7f3cfa088de3319"
            }
          ],
          "status": [
            {
              "releaseID": "ocds-d2phr6-1000035663-tender-2015-04-04T00:00:00Z",
              "releaseDate": "2015-04-04T00:00:00Z",
              "releaseTag": [
                "tender"
              ],
              "value": "complete"
            }
          ]
        },
        "contracts": [
          {
            "id": "CN3437424",
            "status": [
              {
                "releaseID": "ocds-d2phr6-1000035663-contract-2015-05-04T00:00:00Z",
                "releaseDate": "2015-05-04T00:00:00Z",
                "releaseTag": [
                  "award",
                  "contract"
                ],
                "value": "active"
              }
            ],
            "description": [
              {
                "releaseID": "ocds-d2phr6-1000035663-contract-2015-05-04T00:00:00Z",
                "releaseDate": "2015-05-04T00:00:00Z",
                "releaseTag": [
                  "award",
                  "contract"
                ],
                "value": "Drupal websites in govCMS Platform Solution."
              }
            ],
            "title": [
              {
                "releaseID": "ocds-d2phr6-1000035663-contract-2015-05-04T00:00:00Z",
                "releaseDate": "2015-05-04T00:00:00Z",
                "releaseTag": [
                  "award",
                  "contract"
                ],
                "value": "4400027941"
              }
            ],
            "items": [
              {
                "id": "81112200-6dcfcc43c5cf7a3e30ae7561f054e523",
                "classification": {
                  "scheme": [
                    {
                      "releaseID": "ocds-d2phr6-1000035663-contract-2015-05-04T00:00:00Z",
                      "releaseDate": "2015-05-04T00:00:00Z",
                      "releaseTag": [
                        "award",
                        "contract"
                      ],
                      "value": "UNSPSC"
                    }
                  ],
                  "id": [
                    {
                      "releaseID": "ocds-d2phr6-1000035663-contract-2015-05-04T00:00:00Z",
                      "releaseDate": "2015-05-04T00:00:00Z",
                      "releaseTag": [
                        "award",
                        "contract"
                      ],
                      "value": "81112200"
                    }
                  ]
                }
              }
            ],
            "period": {
              "startDate": [
                {
                  "releaseID": "ocds-d2phr6-1000035663-contract-2015-05-04T00:00:00Z",
                  "releaseDate": "2015-05-04T00:00:00Z",
                  "releaseTag": [
                    "award",
                    "contract"
                  ],
                  "value": "2015-06-01T02:00:00Z"
                },
                {
                  "releaseID": "ocds-d2phr6-1000035663-contract-2018-06-21T00:00:00Z",
                  "releaseDate": "2018-06-21T00:00:00Z",
                  "releaseTag": [
                    "contract",
                    "contractAmendment"
                  ],
                  "value": "2015-06-01T00:00:00Z"
                }
              ],
              "endDate": [
                {
                  "releaseID": "ocds-d2phr6-1000035663-contract-2015-05-04T00:00:00Z",
                  "releaseDate": "2015-05-04T00:00:00Z",
                  "releaseTag": [
                    "award",
                    "contract"
                  ],
                  "value": "2017-06-22T02:00:00Z"
                },
                {
                  "releaseID": "ocds-d2phr6-1000035663-contract-2018-06-21T00:00:00Z",
                  "releaseDate": "2018-06-21T00:00:00Z",
                  "releaseTag": [
                    "contract",
                    "contractAmendment"
                  ],
                  "value": "2019-06-30T00:00:00Z"
                }
              ]
            },
            "value": {
              "currency": [
                {
                  "releaseID": "ocds-d2phr6-1000035663-contract-2015-05-04T00:00:00Z",
                  "releaseDate": "2015-05-04T00:00:00Z",
                  "releaseTag": [
                    "award",
                    "contract"
                  ],
                  "value": "AUD"
                }
              ],
              "amount": [
                {
                  "releaseID": "ocds-d2phr6-1000035663-contract-2015-05-04T00:00:00Z",
                  "releaseDate": "2015-05-04T00:00:00Z",
                  "releaseTag": [
                    "award",
                    "contract"
                  ],
                  "value": "623386.00"
                },
                {
                  "releaseID": "ocds-d2phr6-1000035663-contract-2018-06-21T00:00:00Z",
                  "releaseDate": "2018-06-21T00:00:00Z",
                  "releaseTag": [
                    "contract",
                    "contractAmendment"
                  ],
                  "value": "755969.71"
                }
              ]
            },
            "dateSigned": [
              {
                "releaseID": "ocds-d2phr6-1000035663-contract-2015-05-04T00:00:00Z",
                "releaseDate": "2015-05-04T00:00:00Z",
                "releaseTag": [
                  "award",
                  "contract"
                ],
                "value": "2015-06-01T02:00:00Z"
              }
            ],
            "awardID": [
              {
                "releaseID": "ocds-d2phr6-1000035663-contract-2015-05-04T00:00:00Z",
                "releaseDate": "2015-05-04T00:00:00Z",
                "releaseTag": [
                  "award",
                  "contract"
                ],
                "value": "CN3437424-6dcfcc43c5cf7a3e30ae7561f054e523"
              }
            ],
            "amendments": [
              {
                "id": "CN3437424-A1",
                "date": [
                  {
                    "releaseID": "ocds-d2phr6-1000035663-contract-2018-06-21T00:00:00Z",
                    "releaseDate": "2018-06-21T00:00:00Z",
                    "releaseTag": [
                      "contract",
                      "contractAmendment"
                    ],
                    "value": "2018-06-20T00:00:00Z"
                  }
                ],
                "description": [
                  {
                    "releaseID": "ocds-d2phr6-1000035663-contract-2018-06-21T00:00:00Z",
                    "releaseDate": "2018-06-21T00:00:00Z",
                    "releaseTag": [
                      "contract",
                      "contractAmendment"
                    ],
                    "value": "Drupal websites in govCMS Platform Solution. Contract was previosly reported 1-Jun-2015 to 22-Jun-2017 therefore using amendement start date and variation value to original value"
                  }
                ],
                "amendsReleaseID": [
                  {
                    "releaseID": "ocds-d2phr6-1000035663-contract-2018-06-21T00:00:00Z",
                    "releaseDate": "2018-06-21T00:00:00Z",
                    "releaseTag": [
                      "contract",
                      "contractAmendment"
                    ],
                    "value": "ocds-d2phr6-1000035663-contract-2015-05-04T00:00:00Z"
                  }
                ],
                "releaseID": [
                  {
                    "releaseID": "ocds-d2phr6-1000035663-contract-2018-06-21T00:00:00Z",
                    "releaseDate": "2018-06-21T00:00:00Z",
                    "releaseTag": [
                      "contract",
                      "contractAmendment"
                    ],
                    "value": "ocds-d2phr6-1000035663-contract-2018-06-21T00:00:00Z"
                  }
                ]
              }
            ]
          }
        ],
        "awards": [
          {
            "id": "CN3437424-6dcfcc43c5cf7a3e30ae7561f054e523",
            "date": [
              {
                "releaseID": "ocds-d2phr6-1000035663-contract-2015-05-04T00:00:00Z",
                "releaseDate": "2015-05-04T00:00:00Z",
                "releaseTag": [
                  "award",
                  "contract"
                ],
                "value": "2015-04-15T00:00:00Z"
              }
            ],
            "suppliers": [
              {
                "id": "ac3545c6a1e90c4074832acb210b4963",
                "name": [
                  {
                    "releaseID": "ocds-d2phr6-1000035663-contract-2015-05-04T00:00:00Z",
                    "releaseDate": "2015-05-04T00:00:00Z",
                    "releaseTag": [
                      "award",
                      "contract"
                    ],
                    "value": "DEPARTMENT OF FINANCE AND DEREGULATION"
                  }
                ]
              }
            ]
          }
        ]
      }
    }
  ]
}
