{
  "uri": "https://standard.open-contracting.org/examples/records/ocds-d2phr6-12b0ab8ac4c28d322a82062e99918856",
  "publisher": {
    "name": "Department of Finance"
  },
  "publishedDate": "2019-02-17T00:00:00Z",
  "license": "https://creativecommons.org/licenses/by/3.0/au/",
  "version": "1.1",
  "packages": [
    "https://standard.open-contracting.org/examples/releases/ocds-d2phr6-12b0ab8ac4c28d322a82062e99918856-9887f9ebe7043172ab2abe4db2a5aa24",
    "https://standard.open-contracting.org/examples/releases/ocds-d2phr6-12b0ab8ac4c28d322a82062e99918856-2000b475e7c23fcda74fcae13275e6c5"
  ],
  "records": [
    {
      "ocid": "ocds-d2phr6-12b0ab8ac4c28d322a82062e99918856",
      "releases": [
        {
          "id": "ocds-d2phr6-12b0ab8ac4c28d322a82062e99918856-9887f9ebe7043172ab2abe4db2a5aa24",
          "ocid": "ocds-d2phr6-12b0ab8ac4c28d322a82062e99918856",
          "initiationType": "tender",
          "date": "2019-02-15T01:00:58Z",
          "tag": [
            "contract"
          ],
          "language": "en",
          "contracts": [
            {
              "status": "active",
              "description": "Appliances for Tuvalu PPB Residence",
              "title": "4501062723",
              "items": [
                {
                  "id": "1",
                  "description": "Domestic coffee maker",
                  "quantity": 2,
                  "classification": {
                    "scheme": "UNSPSC",
                    "id": "52141526"
                  }
                },
                {
                  "id": "2",
                  "description": "Domestic electrical kettle",
                  "quantity": 2,
                  "classification": {
                    "scheme": "UNSPSC",
                    "id": "52141523"
                  }
                }
              ],
              "period": {
                "startDate": "2018-11-30T01:00:00Z",
                "endDate": "2019-12-30T01:00:00Z"
              },
              "value": {
                "currency": "AUD",
                "amount": 750.0
              },
              "dateSigned": "2018-12-21T02:49:50Z",
              "awardID": "CN3562241-12b0ab89ef79180a7289cb6c40c33c1f",
              "id": "CN3562241"
            }
          ],
          "parties": [
            {
              "identifier": {
                "scheme": "AU-ABN",
                "id": "60010555549"
              },
              "name": "NORSHIP MARINE",
              "roles": [
                "supplier"
              ],
              "address": {
                "postalCode": "4870",
                "countryName": "AUSTRALIA",
                "region": "QLD",
                "locality": "PORTSMITH"
              },
              "contactPoint": {
                "email": "BMI.FINANCIALREPORTING@DEFENCE.GOV.AU",
                "telephone": "00",
                "name": "SP&I - International Policy"
              },
              "id": "fb9c43bb01f873c72c730bdac5b0858f"
            },
            {
              "identifier": {
                "scheme": "AU-ABN",
                "id": "62950639680"
              },
              "name": "Department of Defence",
              "roles": [
                "buyer"
              ],
              "contactPoint": {
                "email": "tenders@finance.gov.au"
              },
              "id": "0ec9911c9e99d1b7bb1b77f4abffc583"
            }
          ]
        },
        {
          "id": "ocds-d2phr6-12b0ab8ac4c28d322a82062e99918856-2000b475e7c23fcda74fcae13275e6c5",
          "ocid": "ocds-d2phr6-12b0ab8ac4c28d322a82062e99918856",
          "initiationType": "tender",
          "date": "2019-02-17T00:00:00Z",
          "tag": [
            "contractAmendment"
          ],
          "language": "en",
          "contracts": [
            {
              "status": "active",
              "amendments": [
                {
                  "id": "1",
                  "amendsReleaseID": "ocds-d2phr6-12b0ab8ac4c28d322a82062e99918856-9887f9ebe7043172ab2abe4db2a5aa24",
                  "releaseID": "ocds-d2phr6-12b0ab8ac4c28d322a82062e99918856-2000b475e7c23fcda74fcae13275e6c5",
                  "rationale": "After negociations with the supplier, the scope of the contract has been increased to purchase an additional item.",
                  "date": "2019-02-16T12:00:00Z"
                }
              ],
              "description": "Appliances for Tuvalu PPB Residence",
              "title": "4501062723",
              "items": [
                {
                  "id": "3",
                  "description": "Domestic microwave oven",
                  "quantity": 1,
                  "classification": {
                    "scheme": "UNSPSC",
                    "id": "52141502"
                  }
                }
              ],
              "period": {
                "startDate": "2018-11-30T01:00:00Z",
                "endDate": "2019-12-30T01:00:00Z"
              },
              "value": {
                "currency": "AUD",
                "amount": 1250.0
              },
              "dateSigned": "2018-12-21T02:49:50Z",
              "awardID": "CN3562241-12b0ab89ef79180a7289cb6c40c33c1f",
              "id": "CN3562241"
            }
          ],
          "parties": [
            {
              "identifier": {
                "scheme": "AU-ABN",
                "id": "60010555549"
              },
              "name": "NORSHIP MARINE",
              "roles": [
                "supplier"
              ],
              "address": {
                "postalCode": "4870",
                "countryName": "AUSTRALIA",
                "region": "QLD",
                "locality": "PORTSMITH"
              },
              "contactPoint": {
                "email": "BMI.FINANCIALREPORTING@DEFENCE.GOV.AU",
                "telephone": "00",
                "name": "SP&I - International Policy"
              },
              "id": "fb9c43bb01f873c72c730bdac5b0858f"
            },
            {
              "identifier": {
                "scheme": "AU-ABN",
                "id": "62950639680"
              },
              "name": "Department of Defence",
              "roles": [
                "buyer"
              ],
              "contactPoint": {
                "email": "tenders@finance.gov.au"
              },
              "id": "0ec9911c9e99d1b7bb1b77f4abffc583"
            }
          ]
        }
      ],
      "compiledRelease": {
        "tag": [
          "compiled"
        ],
        "id": "ocds-d2phr6-12b0ab8ac4c28d322a82062e99918856-2019-02-17T00:00:00Z",
        "date": "2019-02-17T00:00:00Z",
        "ocid": "ocds-d2phr6-12b0ab8ac4c28d322a82062e99918856",
        "initiationType": "tender",
        "language": "en",
        "contracts": [
          {
            "id": "CN3562241",
            "status": "active",
            "description": "Appliances for Tuvalu PPB Residence",
            "title": "4501062723",
            "items": [
              {
                "id": "1",
                "description": "Domestic coffee maker",
                "quantity": 2,
                "classification": {
                  "scheme": "UNSPSC",
                  "id": "52141526"
                }
              },
              {
                "id": "2",
                "description": "Domestic electrical kettle",
                "quantity": 2,
                "classification": {
                  "scheme": "UNSPSC",
                  "id": "52141523"
                }
              },
              {
                "id": "3",
                "description": "Domestic microwave oven",
                "quantity": 1,
                "classification": {
                  "scheme": "UNSPSC",
                  "id": "52141502"
                }
              }
            ],
            "period": {
              "startDate": "2018-11-30T01:00:00Z",
              "endDate": "2019-12-30T01:00:00Z"
            },
            "value": {
              "currency": "AUD",
              "amount": 1250.0
            },
            "dateSigned": "2018-12-21T02:49:50Z",
            "awardID": "CN3562241-12b0ab89ef79180a7289cb6c40c33c1f",
            "amendments": [
              {
                "id": "1",
                "amendsReleaseID": "ocds-d2phr6-12b0ab8ac4c28d322a82062e99918856-9887f9ebe7043172ab2abe4db2a5aa24",
                "releaseID": "ocds-d2phr6-12b0ab8ac4c28d322a82062e99918856-2000b475e7c23fcda74fcae13275e6c5",
                "rationale": "Increased scope of goods required.",
                "date": "2019-02-16T12:00:00Z"
              }
            ]
          }
        ],
        "parties": [
          {
            "id": "fb9c43bb01f873c72c730bdac5b0858f",
            "identifier": {
              "scheme": "AU-ABN",
              "id": "60010555549"
            },
            "name": "NORSHIP MARINE",
            "roles": [
              "supplier"
            ],
            "address": {
              "postalCode": "4870",
              "countryName": "AUSTRALIA",
              "region": "QLD",
              "locality": "PORTSMITH"
            },
            "contactPoint": {
              "email": "BMI.FINANCIALREPORTING@DEFENCE.GOV.AU",
              "telephone": "00",
              "name": "SP&I - International Policy"
            }
          },
          {
            "id": "0ec9911c9e99d1b7bb1b77f4abffc583",
            "identifier": {
              "scheme": "AU-ABN",
              "id": "62950639680"
            },
            "name": "Department of Defence",
            "roles": [
              "buyer"
            ],
            "contactPoint": {
              "email": "tenders@finance.gov.au"
            }
          }
        ]
      },
      "versionedRelease": {
        "ocid": "ocds-d2phr6-12b0ab8ac4c28d322a82062e99918856",
        "initiationType": [
          {
            "releaseID": "ocds-d2phr6-12b0ab8ac4c28d322a82062e99918856-9887f9ebe7043172ab2abe4db2a5aa24",
            "releaseDate": "2019-02-15T01:00:58Z",
            "releaseTag": [
              "contract"
            ],
            "value": "tender"
          }
        ],
        "language": [
          {
            "releaseID": "ocds-d2phr6-12b0ab8ac4c28d322a82062e99918856-9887f9ebe7043172ab2abe4db2a5aa24",
            "releaseDate": "2019-02-15T01:00:58Z",
            "releaseTag": [
              "contract"
            ],
            "value": "en"
          }
        ],
        "contracts": [
          {
            "id": "CN3562241",
            "status": [
              {
                "releaseID": "ocds-d2phr6-12b0ab8ac4c28d322a82062e99918856-9887f9ebe7043172ab2abe4db2a5aa24",
                "releaseDate": "2019-02-15T01:00:58Z",
                "releaseTag": [
                  "contract"
                ],
                "value": "active"
              }
            ],
            "description": [
              {
                "releaseID": "ocds-d2phr6-12b0ab8ac4c28d322a82062e99918856-9887f9ebe7043172ab2abe4db2a5aa24",
                "releaseDate": "2019-02-15T01:00:58Z",
                "releaseTag": [
                  "contract"
                ],
                "value": "Appliances for Tuvalu PPB Residence"
              }
            ],
            "title": [
              {
                "releaseID": "ocds-d2phr6-12b0ab8ac4c28d322a82062e99918856-9887f9ebe7043172ab2abe4db2a5aa24",
                "releaseDate": "2019-02-15T01:00:58Z",
                "releaseTag": [
                  "contract"
                ],
                "value": "4501062723"
              }
            ],
            "items": [
              {
                "id": "1",
                "description": [
                  {
                    "releaseID": "ocds-d2phr6-12b0ab8ac4c28d322a82062e99918856-9887f9ebe7043172ab2abe4db2a5aa24",
                    "releaseDate": "2019-02-15T01:00:58Z",
                    "releaseTag": [
                      "contract"
                    ],
                    "value": "Domestic coffee maker"
                  }
                ],
                "quantity": [
                  {
                    "releaseID": "ocds-d2phr6-12b0ab8ac4c28d322a82062e99918856-9887f9ebe7043172ab2abe4db2a5aa24",
                    "releaseDate": "2019-02-15T01:00:58Z",
                    "releaseTag": [
                      "contract"
                    ],
                    "value": 2
                  }
                ],
                "classification": {
                  "scheme": [
                    {
                      "releaseID": "ocds-d2phr6-12b0ab8ac4c28d322a82062e99918856-9887f9ebe7043172ab2abe4db2a5aa24",
                      "releaseDate": "2019-02-15T01:00:58Z",
                      "releaseTag": [
                        "contract"
                      ],
                      "value": "UNSPSC"
                    }
                  ],
                  "id": [
                    {
                      "releaseID": "ocds-d2phr6-12b0ab8ac4c28d322a82062e99918856-9887f9ebe7043172ab2abe4db2a5aa24",
                      "releaseDate": "2019-02-15T01:00:58Z",
                      "releaseTag": [
                        "contract"
                      ],
                      "value": "52141526"
                    }
                  ]
                }
              },
              {
                "id": "2",
                "description": [
                  {
                    "releaseID": "ocds-d2phr6-12b0ab8ac4c28d322a82062e99918856-9887f9ebe7043172ab2abe4db2a5aa24",
                    "releaseDate": "2019-02-15T01:00:58Z",
                    "releaseTag": [
                      "contract"
                    ],
                    "value": "Domestic electrical kettle"
                  }
                ],
                "quantity": [
                  {
                    "releaseID": "ocds-d2phr6-12b0ab8ac4c28d322a82062e99918856-9887f9ebe7043172ab2abe4db2a5aa24",
                    "releaseDate": "2019-02-15T01:00:58Z",
                    "releaseTag": [
                      "contract"
                    ],
                    "value": 2
                  }
                ],
                "classification": {
                  "scheme": [
                    {
                      "releaseID": "ocds-d2phr6-12b0ab8ac4c28d322a82062e99918856-9887f9ebe7043172ab2abe4db2a5aa24",
                      "releaseDate": "2019-02-15T01:00:58Z",
                      "releaseTag": [
                        "contract"
                      ],
                      "value": "UNSPSC"
                    }
                  ],
                  "id": [
                    {
                      "releaseID": "ocds-d2phr6-12b0ab8ac4c28d322a82062e99918856-9887f9ebe7043172ab2abe4db2a5aa24",
                      "releaseDate": "2019-02-15T01:00:58Z",
                      "releaseTag": [
                        "contract"
                      ],
                      "value": "52141523"
                    }
                  ]
                }
              },
              {
                "id": "3",
                "description": [
                  {
                    "releaseID": "ocds-d2phr6-12b0ab8ac4c28d322a82062e99918856-2000b475e7c23fcda74fcae13275e6c5",
                    "releaseDate": "2019-02-17T00:00:00Z",
                    "releaseTag": [
                      "contractAmendment"
                    ],
                    "value": "Domestic microwave oven"
                  }
                ],
                "quantity": [
                  {
                    "releaseID": "ocds-d2phr6-12b0ab8ac4c28d322a82062e99918856-2000b475e7c23fcda74fcae13275e6c5",
                    "releaseDate": "2019-02-17T00:00:00Z",
                    "releaseTag": [
                      "contractAmendment"
                    ],
                    "value": 1
                  }
                ],
                "classification": {
                  "scheme": [
                    {
                      "releaseID": "ocds-d2phr6-12b0ab8ac4c28d322a82062e99918856-2000b475e7c23fcda74fcae13275e6c5",
                      "releaseDate": "2019-02-17T00:00:00Z",
                      "releaseTag": [
                        "contractAmendment"
                      ],
                      "value": "UNSPSC"
                    }
                  ],
                  "id": [
                    {
                      "releaseID": "ocds-d2phr6-12b0ab8ac4c28d322a82062e99918856-2000b475e7c23fcda74fcae13275e6c5",
                      "releaseDate": "2019-02-17T00:00:00Z",
                      "releaseTag": [
                        "contractAmendment"
                      ],
                      "value": "52141502"
                    }
                  ]
                }
              }
            ],
            "period": {
              "startDate": [
                {
                  "releaseID": "ocds-d2phr6-12b0ab8ac4c28d322a82062e99918856-9887f9ebe7043172ab2abe4db2a5aa24",
                  "releaseDate": "2019-02-15T01:00:58Z",
                  "releaseTag": [
                    "contract"
                  ],
                  "value": "2018-11-30T01:00:00Z"
                }
              ],
              "endDate": [
                {
                  "releaseID": "ocds-d2phr6-12b0ab8ac4c28d322a82062e99918856-9887f9ebe7043172ab2abe4db2a5aa24",
                  "releaseDate": "2019-02-15T01:00:58Z",
                  "releaseTag": [
                    "contract"
                  ],
                  "value": "2019-12-30T01:00:00Z"
                }
              ]
            },
            "value": {
              "currency": [
                {
                  "releaseID": "ocds-d2phr6-12b0ab8ac4c28d322a82062e99918856-9887f9ebe7043172ab2abe4db2a5aa24",
                  "releaseDate": "2019-02-15T01:00:58Z",
                  "releaseTag": [
                    "contract"
                  ],
                  "value": "AUD"
                }
              ],
              "amount": [
                {
                  "releaseID": "ocds-d2phr6-12b0ab8ac4c28d322a82062e99918856-9887f9ebe7043172ab2abe4db2a5aa24",
                  "releaseDate": "2019-02-15T01:00:58Z",
                  "releaseTag": [
                    "contract"
                  ],
                  "value": 750.0
                },
                {
                  "releaseID": "ocds-d2phr6-12b0ab8ac4c28d322a82062e99918856-2000b475e7c23fcda74fcae13275e6c5",
                  "releaseDate": "2019-02-17T00:00:00Z",
                  "releaseTag": [
                    "contractAmendment"
                  ],
                  "value": 1250.0
                }
              ]
            },
            "dateSigned": [
              {
                "releaseID": "ocds-d2phr6-12b0ab8ac4c28d322a82062e99918856-9887f9ebe7043172ab2abe4db2a5aa24",
                "releaseDate": "2019-02-15T01:00:58Z",
                "releaseTag": [
                  "contract"
                ],
                "value": "2018-12-21T02:49:50Z"
              }
            ],
            "awardID": [
              {
                "releaseID": "ocds-d2phr6-12b0ab8ac4c28d322a82062e99918856-9887f9ebe7043172ab2abe4db2a5aa24",
                "releaseDate": "2019-02-15T01:00:58Z",
                "releaseTag": [
                  "contract"
                ],
                "value": "CN3562241-12b0ab89ef79180a7289cb6c40c33c1f"
              }
            ],
            "amendments": [
              {
                "id": "1",
                "amendsReleaseID": [
                  {
                    "releaseID": "ocds-d2phr6-12b0ab8ac4c28d322a82062e99918856-2000b475e7c23fcda74fcae13275e6c5",
                    "releaseDate": "2019-02-17T00:00:00Z",
                    "releaseTag": [
                      "contractAmendment"
                    ],
                    "value": "ocds-d2phr6-12b0ab8ac4c28d322a82062e99918856-9887f9ebe7043172ab2abe4db2a5aa24"
                  }
                ],
                "releaseID": [
                  {
                    "releaseID": "ocds-d2phr6-12b0ab8ac4c28d322a82062e99918856-2000b475e7c23fcda74fcae13275e6c5",
                    "releaseDate": "2019-02-17T00:00:00Z",
                    "releaseTag": [
                      "contractAmendment"
                    ],
                    "value": "ocds-d2phr6-12b0ab8ac4c28d322a82062e99918856-2000b475e7c23fcda74fcae13275e6c5"
                  }
                ],
                "rationale": [
                  {
                    "releaseID": "ocds-d2phr6-12b0ab8ac4c28d322a82062e99918856-2000b475e7c23fcda74fcae13275e6c5",
                    "releaseDate": "2019-02-17T00:00:00Z",
                    "releaseTag": [
                      "contractAmendment"
                    ],
                    "value": "Increased scope of goods required."
                  }
                ],
                "date": [
                  {
                    "releaseID": "ocds-d2phr6-12b0ab8ac4c28d322a82062e99918856-2000b475e7c23fcda74fcae13275e6c5",
                    "releaseDate": "2019-02-17T00:00:00Z",
                    "releaseTag": [
                      "contractAmendment"
                    ],
                    "value": "2019-02-16T12:00:00Z"
                  }
                ]
              }
            ]
          }
        ],
        "parties": [
          {
            "id": "fb9c43bb01f873c72c730bdac5b0858f",
            "identifier": {
              "scheme": [
                {
                  "releaseID": "ocds-d2phr6-12b0ab8ac4c28d322a82062e99918856-9887f9ebe7043172ab2abe4db2a5aa24",
                  "releaseDate": "2019-02-15T01:00:58Z",
                  "releaseTag": [
                    "contract"
                  ],
                  "value": "AU-ABN"
                }
              ],
              "id": [
                {
                  "releaseID": "ocds-d2phr6-12b0ab8ac4c28d322a82062e99918856-9887f9ebe7043172ab2abe4db2a5aa24",
                  "releaseDate": "2019-02-15T01:00:58Z",
                  "releaseTag": [
                    "contract"
                  ],
                  "value": "60010555549"
                }
              ]
            },
            "name": [
              {
                "releaseID": "ocds-d2phr6-12b0ab8ac4c28d322a82062e99918856-9887f9ebe7043172ab2abe4db2a5aa24",
                "releaseDate": "2019-02-15T01:00:58Z",
                "releaseTag": [
                  "contract"
                ],
                "value": "NORSHIP MARINE"
              }
            ],
            "roles": [
              {
                "releaseID": "ocds-d2phr6-12b0ab8ac4c28d322a82062e99918856-9887f9ebe7043172ab2abe4db2a5aa24",
                "releaseDate": "2019-02-15T01:00:58Z",
                "releaseTag": [
                  "contract"
                ],
                "value": [
                  "supplier"
                ]
              }
            ],
            "address": {
              "postalCode": [
                {
                  "releaseID": "ocds-d2phr6-12b0ab8ac4c28d322a82062e99918856-9887f9ebe7043172ab2abe4db2a5aa24",
                  "releaseDate": "2019-02-15T01:00:58Z",
                  "releaseTag": [
                    "contract"
                  ],
                  "value": "4870"
                }
              ],
              "countryName": [
                {
                  "releaseID": "ocds-d2phr6-12b0ab8ac4c28d322a82062e99918856-9887f9ebe7043172ab2abe4db2a5aa24",
                  "releaseDate": "2019-02-15T01:00:58Z",
                  "releaseTag": [
                    "contract"
                  ],
                  "value": "AUSTRALIA"
                }
              ],
              "region": [
                {
                  "releaseID": "ocds-d2phr6-12b0ab8ac4c28d322a82062e99918856-9887f9ebe7043172ab2abe4db2a5aa24",
                  "releaseDate": "2019-02-15T01:00:58Z",
                  "releaseTag": [
                    "contract"
                  ],
                  "value": "QLD"
                }
              ],
              "locality": [
                {
                  "releaseID": "ocds-d2phr6-12b0ab8ac4c28d322a82062e99918856-9887f9ebe7043172ab2abe4db2a5aa24",
                  "releaseDate": "2019-02-15T01:00:58Z",
                  "releaseTag": [
                    "contract"
                  ],
                  "value": "PORTSMITH"
                }
              ]
            },
            "contactPoint": {
              "email": [
                {
                  "releaseID": "ocds-d2phr6-12b0ab8ac4c28d322a82062e99918856-9887f9ebe7043172ab2abe4db2a5aa24",
                  "releaseDate": "2019-02-15T01:00:58Z",
                  "releaseTag": [
                    "contract"
                  ],
                  "value": "BMI.FINANCIALREPORTING@DEFENCE.GOV.AU"
                }
              ],
              "telephone": [
                {
                  "releaseID": "ocds-d2phr6-12b0ab8ac4c28d322a82062e99918856-9887f9ebe7043172ab2abe4db2a5aa24",
                  "releaseDate": "2019-02-15T01:00:58Z",
                  "releaseTag": [
                    "contract"
                  ],
                  "value": "00"
                }
              ],
              "name": [
                {
                  "releaseID": "ocds-d2phr6-12b0ab8ac4c28d322a82062e99918856-9887f9ebe7043172ab2abe4db2a5aa24",
                  "releaseDate": "2019-02-15T01:00:58Z",
                  "releaseTag": [
                    "contract"
                  ],
                  "value": "SP&I - International Policy"
                }
              ]
            }
          },
          {
            "id": "0ec9911c9e99d1b7bb1b77f4abffc583",
            "identifier": {
              "scheme": [
                {
                  "releaseID": "ocds-d2phr6-12b0ab8ac4c28d322a82062e99918856-9887f9ebe7043172ab2abe4db2a5aa24",
                  "releaseDate": "2019-02-15T01:00:58Z",
                  "releaseTag": [
                    "contract"
                  ],
                  "value": "AU-ABN"
                }
              ],
              "id": [
                {
                  "releaseID": "ocds-d2phr6-12b0ab8ac4c28d322a82062e99918856-9887f9ebe7043172ab2abe4db2a5aa24",
                  "releaseDate": "2019-02-15T01:00:58Z",
                  "releaseTag": [
                    "contract"
                  ],
                  "value": "62950639680"
                }
              ]
            },
            "name": [
              {
                "releaseID": "ocds-d2phr6-12b0ab8ac4c28d322a82062e99918856-9887f9ebe7043172ab2abe4db2a5aa24",
                "releaseDate": "2019-02-15T01:00:58Z",
                "releaseTag": [
                  "contract"
                ],
                "value": "Department of Defence"
              }
            ],
            "roles": [
              {
                "releaseID": "ocds-d2phr6-12b0ab8ac4c28d322a82062e99918856-9887f9ebe7043172ab2abe4db2a5aa24",
                "releaseDate": "2019-02-15T01:00:58Z",
                "releaseTag": [
                  "contract"
                ],
                "value": [
                  "buyer"
                ]
              }
            ],
            "contactPoint": {
              "email": [
                {
                  "releaseID": "ocds-d2phr6-12b0ab8ac4c28d322a82062e99918856-9887f9ebe7043172ab2abe4db2a5aa24",
                  "releaseDate": "2019-02-15T01:00:58Z",
                  "releaseTag": [
                    "contract"
                  ],
                  "value": "tenders@finance.gov.au"
                }
              ]
            }
          }
        ]
      }
    }
  ]
}
