{
  "uri": "https://standard.open-contracting.org/examples/release/ocds-afalqw-001-5c10b8c57e0a947f6b212f58-003",
  "publisher": {
    "name": "National Procurement Authority, Afghanistan"
  },
  "publishedDate": "2018-10-10T16:48:09+04:30",
  "version": "1.1",
  "releases": [
    {
      "language": "prs-AF",
      "contracts": [
        {
          "status": "active",
          "title": "School repairs and mantainance projects, Rahman Baba & Khushal Khan Khattak",
          "implementation": {
            "milestones": [
              {
                "status": "met",
                "title": "Payment for finish the exterior and interior walls",
                "dueDate": "2018-10-10T00:00:00+04:30",
                "dateMet": "2018-10-09T09:15:00+04:30",
                "dateModified": "2018-10-10T16:48:09+04:30",
                "type": "financing",
                "id": "20653Financing"
              },
              {
                "status": "met",
                "title": "Finish the exterior and interior walls",
                "dueDate": "2018-10-05T00:00:00+04:30",
                "dateMet": "2018-10-05T17:30:00+04:30",
                "dateModified": "2018-10-10T16:48:09+04:30",
                "type": "delivery",
                "id": "20653Delivery"
              },
              {
                "status": "notMet",
                "title": "Payment for repair of the electric system",
                "dueDate": "2018-10-31T00:00:00+04:30",
                "dateModified": "2018-10-10T16:48:09+04:30",
                "type": "financing",
                "id": "20654Financing"
              },
              {
                "status": "notMet",
                "title": "Repair of the electric system",
                "dueDate": "2018-10-28T00:00:00+04:30",
                "dateModified": "2018-10-10T16:48:09+04:30",
                "type": "delivery",
                "id": "20654Delivery"
              }
            ],
            "transactions": [
              {
                "id": "20653",
                "date": "2018-10-09T09:15:00+04:30",
                "value": {
                  "amount": 76955,
                  "currency": "AFN"
                },
                "payer": {
                  "id": "AF-COA-20",
                  "name": "Ministry of Finance"
                },
                "payee": {
                  "id": "AF-TIN-9000321217",
                  "name": "Primus Construction Company"
                }
              }
            ]
          },
          "period": {
            "startDate": "2018-09-21T00:00:00+04:30",
            "endDate": "2018-12-21T00:00:00+04:30"
          },
          "value": {
            "currency": "AFN",
            "amount": 230865
          },
          "dateSigned": "2018-09-16T00:00:00+04:30",
          "awardID": "MOBTA/1397/NCB/OPT/W.003",
          "id": "MOBTA/1397/NCB/OPT/W.003"
        }
      ],
      "ocid": "ocds-afalqw-001",
      "id": "5c10b8c57e0a947f6b212f58-003",
      "initiationType": "tender",
      "date": "2018-10-10T16:48:09+04:30",
      "tag": [
        "implementationUpdate"
      ],
      "parties": [
        {
          "identifier": {
            "scheme": "AF-TIN",
            "id": "9000321217",
            "legalName": "شرکت ساختمانی پریموس"
          },
          "id": "AF-TIN-9000321217",
          "roles": [
            "payee",
            "supplier"
          ],
          "name": "Primus Construction Company"
        },
        {
          "name": "Ministry of Finance",
          "roles": [
            "payer"
          ],
          "address": {
            "countryName": "افغانستان",
            "region": "مرکز"
          },
          "identifier": {
            "scheme": "AF-COA",
            "id": "20",
            "legalName": "وزارت مالیه"
          },
          "id": "AF-COA-20"
        }
      ]
    }
  ]
}
