{
  "uri": "https://standard.open-contracting.org/examples/releases/ocds-213czf-000-00001-05-contract.json",
  "publishedDate": "2011-01-10T09:30:00Z",
  "publisher": {
    "scheme": "GB-COH",
    "uid": "09506232",
    "name": "Open Data Services Co-operative Limited",
    "uri": "https://standard.open-contracting.org/examples/"
  },
  "license": "http://opendatacommons.org/licenses/pddl/1.0/",
  "publicationPolicy": "https://github.com/open-contracting/sample-data/",
  "version": "1.1",
  "extensions": [],
  "releases": [
    {
      "ocid": "ocds-213czf-000-00001",
      "id": "ocds-213czf-000-00001-06-implementation-milestones-3",
      "date": "2018-12-24T09:30:00Z",
      "language": "en",
      "tag": [
        "implementationUpdate"
      ],
      "initiationType": "tender",
      "parties": [
        {
          "identifier": {
            "scheme": "GB-LAC",
            "id": "E09000003",
            "legalName": "London Borough of Barnet"
          },
          "name": "London Borough of Barnet",
          "roles": [
            "buyer"
          ],
          "id": "GB-LAC-E09000003"
        }
      ],
      "buyer": {
        "id": "GB-LAC-E09000003",
        "name": "London Borough of Barnet"
      },
      "contracts": [
        {
          "id": "ocds-213czf-000-00001-contract-01",
          "awardID": "ocds-213czf-000-00001-award-01",
          "title": "Contract to build new cycle lanes in the centre of town.",
          "implementation": {
            "milestones": [
              {
                "id": "1",
                "title": "project started",
                "type": "delivery",
                "code": "commencement",
                "dueDate": "2018-03-19T00:00:00Z",
                "status": "met",
                "dateMet": "2018-03-31T00:00:00Z",
                "dateModified": "2018-03-31T00:00:00Z"
              },
              {
                "id": "2",
                "title": "project completed",
                "type": "delivery",
                "code": "completion",
                "dueDate": "2018-12-31T00:00:00Z",
                "status": "met",
                "dateMet": "2018-12-24T00:00:00Z",
                "dateModified": "2018-12-24T00:00:00Z"
              }
            ]
          }
        }
      ]
    }
  ]
}
