{
  "uri": "https://standard.open-contracting.org/examples/releases/ocds-213czf-000-00001-04-planning.json",
  "publishedDate": "2016-09-10T09:30:00Z",
  "publisher": {
    "scheme": "GB-COH",
    "uid": "09506232",
    "name": "Open Data Services Co-operative Limited",
    "uri": "https://standard.open-contracting.org/examples/"
  },
  "license": "http://opendatacommons.org/licenses/pddl/1.0/",
  "publicationPolicy": "https://github.com/open-contracting/sample-data/",
  "version": "1.1",
  "releases": [
    {
      "ocid": "ocds-213czf-000-00001",
      "id": "ocds-213czf-000-00001-04-planning",
      "date": "2016-09-10T09:30:00Z",
      "language": "en",
      "tag": [
        "planning"
      ],
      "initiationType": "tender",
      "planning": {
        "budget": {
          "id": "1.02.1.02.01.01.25.24.5.2.3.49.06",
          "amount": {
            "amount": 30000000,
            "currency": "IDR"
          },
          "project": "Konsultan Pengawas",
          "description": "APBD"
        },
        "milestones": [
          {
            "id": "1",
            "type": "preProcurement",
            "title": "Budget Plan",
            "status": "scheduled",
            "dueDate": "2016-09-19T23:29:03Z",
            "description": "Rencana Pengadaan Road Map"
          }
        ]
      },
      "tender": {
        "id": "planned",
        "status": "planned",
        "milestones": [
          {
            "id": 1,
            "title": "Tender notice publication estimation from procurement plan",
            "status": "scheduled",
            "type": "preProcurement",
            "dueDate": "2016-10-21T15:00:00Z"
          }
        ]
      }
    }
  ]
}
