{
  "uri": "https://standard.open-contracting.org/examples/releases/ocds-213czf-000-00001-04-tender.json",
  "publishedDate": "2016-10-23T09:30:00Z",
  "publisher": {
    "scheme": "GB-COH",
    "uid": "09506232",
    "name": "Open Data Services Co-operative Limited",
    "uri": "https://standard.open-contracting.org/examples/"
  },
  "license": "http://opendatacommons.org/licenses/pddl/1.0/",
  "publicationPolicy": "https://github.com/open-contracting/sample-data/",
  "version": "1.1",
  "releases": [
    {
      "ocid": "ocds-213czf-000-00001",
      "id": "ocds-213czf-000-00001-04-tender",
      "date": "2016-10-23T09:30:00Z",
      "language": "en",
      "tag": [
        "tender"
      ],
      "initiationType": "tender",
      "tender": {
        "id": "001002003",
        "status": "active",
        "milestones": [
          {
            "id": 1,
            "title": "Tender notice publication estimation from procurement plan",
            "status": "met",
            "type": "preProcurement",
            "dueDate": "2016-10-21T15:00:00Z",
            "dateMet": "2016-10-23T15:00:00Z"
          }
        ]
      }
    }
  ]
}
