{
  "publishedDate": "2019-04-01T17:08:14+05:45",
  "publisher": {
    "name": "Public Procurement Monitoring Office"
  },
  "extensions": [
    "https://raw.githubusercontent.com/publisher/ocds_femaleChaired_extension/v1.0/extension.json"
  ],
  "version": "1.1",
  "uri": "https://standard.open-contracting.org/examples/release/ocds-213czf-IMS/1160",
  "releases": [
    {
      "ocid": "ocds-213czf-IMS/1160",
      "date": "2019-01-04T13:18:31+05:45",
      "initiationType": "tender",
      "tag": [
        "award"
      ],
      "language": "ne",
      "id": "ocds-213czf-IMS/1160-002-award",
      "parties": [
        {
          "name": "काल्पनिक महिला अध्यक्षता कम्पनी",
          "id": "NP-CRO-UC-1160",
          "identifier": {
            "id": "UC-1160",
            "scheme": "NP-CRO"
          },
          "roles": [
            "supplier"
          ],
          "details": {
            "femaleChaired": true
          },
          "address": {
            "streetAddress": "धनगढी ११",
            "countryName": "Nepal"
          }
        }
      ],
      "awards": [
        {
          "suppliers": [
            {
              "name": "काल्पनिक महिला अध्यक्षता कम्पनी",
              "id": "NP-CRO-UC-1160"
            }
          ],
          "status": "active",
          "date": "2019-01-01T00:00:00+05:45",
          "id": "IMS/1160-awards/1",
          "title": "धनगढी उदाहरण पुरस्कार"
        }
      ]
    }
  ]
}
