{
  "publishedDate": "2020-02-01T17:10:14+05:45",
  "publisher": {
    "name": "Ciudad Ficticia"
  },
  "extensions": [
    "https://raw.githubusercontent.com/open-contracting-extensions/ocds_organizationClassification_extension/master/extension.json"
  ],
  "version": "1.1",
  "uri": "https://standard.open-contracting.org/examples/release/ocds-213czf-col-cf/1111",
  "license": "http://opendatacommons.org/licenses/pddl/1.0/",
  "publicationPolicy": "https://github.com/open-contracting/fictional_publication_policy_url",
  "releases": [
    {
      "ocid": "ocds-213czf-col-cf/1111",
      "id": "ocds-213czf-col-cf/1111-02-award",
      "language": "es",
      "date": "2020-01-04T13:18:31+05:45",
      "initiationType": "tender",
      "parties": [
        {
          "id": "CF-CDC-A564321",
          "name": "Empresa de mujeres uno",
          "identifier": {
            "scheme": "CF-CDC",
            "id": "A564321"
          },
          "roles": [
            "supplier"
          ],
          "details": {
            "classifications": [
              {
                "name": "Negocio propiedad de mujeres",
                "id": "NPDM",
                "scheme": "COL-CF-MON"
              }
            ]
          }
        }
      ],
      "awards": [
        {
          "suppliers": [
            {
              "name": "Empresa de mujeres uno",
              "id": "CF-CDC-A564321"
            }
          ],
          "status": "active",
          "date": "2019-01-01T00:00:00+05:45",
          "id": "ocds-213czf-col-cf-awards/1",
          "title": "Servicios de proyectos de datos abiertos de la ciudad"
        }
      ],
      "tag": [
        "award"
      ]
    }
  ]
}
