{
  "publishedDate": "2019-04-01T17:08:14+05:45",
  "publisher": {
    "name": "Public Procurement Monitoring Office"
  },
  "extensions": [
    "https://raw.githubusercontent.com/open-contracting-extensions/ocds_organizationClassification_extension/master/extension.json"
  ],
  "version": "1.1",
  "uri": "https://standard.open-contracting.org/examples/release/ocds-213czf-IMS/1160",
  "releases": [
    {
      "ocid": "ocds-h6vhtk-016248",
      "id": "ocds-h6vhtk-016248-02-tender",
      "date": "2019-03-30T17:08:14+05:45",
      "initiationType": "tender",
      "tag": [
        "tender"
      ],
      "tender": {
        "id": "016248-Zg9B567X-001",
        "description": "Tender for the provision of borough reablement services, subsection frailty 65+.",
        "status": "complete",
        "mainProcurementCategory": "services",
        "procurementMethodDetails": "Open procedure",
        "title": "Reablement — Frailty 65+",
        "procurementMethod": "open"
      },
      "buyer": {
        "name": "London Borough of Haringey",
        "id": "GB-SRS-supplierregistration.cabinetoffice.gov.uk/Zg9B567X"
      },
      "parties": [
        {
          "id": "GB-SRS-supplierregistration.cabinetoffice.gov.uk/Zg9B567X",
          "name": "London Borough of Haringey",
          "identifier": {
            "legalName": "London Borough of Haringey",
            "scheme": "GB-SRS",
            "id": "supplierregistration.cabinetoffice.gov.uk/Zg9B567X"
          },
          "roles": [
            "buyer"
          ],
          "details": {
            "classifications": [
              {
                "description": "Regional or local authority",
                "id": "REGIONAL_AUTHORITY",
                "scheme": "TED_CA_TYPE"
              },
              {
                "description": "General public services",
                "id": "01",
                "scheme": "COFOG"
              }
            ]
          },
          "address": {
            "streetAddress": "Haringey Council Civic Centre, Level 6, 255 High Rd",
            "locality": "Wood Green",
            "region": "UKG13",
            "postalCode": "N22 8LE",
            "countryName": "United Kingdom"
          },
          "contactPoint": {
            "url": "http://www.haringey.gov.uk"
          }
        }
      ]
    }
  ]
}
