{
  "properties": {
    "$ref": {
      "type": "string"
    },
    "omitWhenMerged": {
      "type": "boolean",
      "default": false
    },
    "deprecated": {
      "type": "object",
      "additionalProperties": false,
      "required": [
        "deprecatedVersion",
        "description"
      ],
      "properties": {
        "deprecatedVersion": {
          "type": "string"
        },
        "description": {
          "type": "string"
        }
      }
    },
    "codelist": {
      "type": "string"
    },
    "openCodelist": {
      "type": "boolean",
      "default": false
    },
    "wholeListMerge": {
      "type": "boolean",
      "default": false
    },
    "versionId": {
      "type": "boolean",
      "default": false
    }
  },
  "additionalProperties": false
}
