{
  "uri": "https://standard.open-contracting.org/examples/releases/ocds-213czf-000-00001-04-award.json",
  "publishedDate": "2010-05-10T09:30:00Z",
  "publisher": {
    "scheme": "GB-COH",
    "uid": "09506232",
    "name": "Open Data Services Co-operative Limited",
    "uri": "https://standard.open-contracting.org/examples/"
  },
  "license": "http://opendatacommons.org/licenses/pddl/1.0/",
  "publicationPolicy": "https://github.com/open-contracting/sample-data/",
  "version": "1.1",
  "extensions": [],
  "releases": [
    {
      "ocid": "ocds-213czf-000-00001",
      "id": "ocds-213czf-000-00001-04-award",
      "date": "2010-05-10T09:30:00Z",
      "language": "en",
      "tag": [
        "award"
      ],
      "initiationType": "tender",
      "parties": [
        {
          "identifier": {
            "scheme": "GB-LAC",
            "id": "E09000003",
            "legalName": "London Borough of Barnet",
            "uri": "http://www.barnet.gov.uk/"
          },
          "name": "London Borough of Barnet",
          "address": {
            "streetAddress": "4, North London Business Park, Oakleigh Rd S",
            "locality": "London",
            "region": "London",
            "postalCode": "N11 1NP",
            "countryName": "United Kingdom"
          },
          "contactPoint": {
            "name": "Procurement Team",
            "email": "procurement-team@example.com",
            "telephone": "01234 345 346",
            "faxNumber": "01234 345 345",
            "url": "http://example.com/contact/"
          },
          "roles": [
            "buyer"
          ],
          "id": "GB-LAC-E09000003"
        },
        {
          "identifier": {
            "scheme": "GB-COH",
            "id": "00395826",
            "legalName": "Balfour Beatty plc",
            "uri": "https://opencorporates.com/companies/gb/01881683"
          },
          "additionalIdentifiers": [
            {
              "scheme": "GB-VAT",
              "id": "217967235"
            }
          ],
          "name": "Balfour Beatty",
          "address": {
            "streetAddress": "5 Churchill Place",
            "locality": "London",
            "region": "London",
            "postalCode": "E14 5HU",
            "countryName": "United Kingdom"
          },
          "contactPoint": {
            "name": "Contracts Team",
            "email": "help@balfourbeatty.com",
            "telephone": "44 (0)20 7216 6800",
            "faxNumber": "44 (0)20 7216 6800"
          },
          "roles": [
            "supplier"
          ],
          "id": "GB-COH-00395826"
        }
      ],
      "buyer": {
        "id": "GB-LAC-E09000003",
        "name": "London Borough of Barnet"
      },
      "tender": {
        "id": "ocds-213czf-000-00001-01-tender",
        "title": "Planned cycle lane improvements",
        "description": "Tenders solicited for work to build new cycle lanes in the centre of town.",
        "status": "complete",
        "items": [
          {
            "id": "0001",
            "description": "string",
            "classification": {
              "scheme": "CPV",
              "id": "45233130",
              "description": "Construction work for highways",
              "uri": "http://cpv.data.ac.uk/code-45233130"
            },
            "additionalClassifications": [
              {
                "scheme": "CPV",
                "id": "45233162-2",
                "description": "Cycle path construction work",
                "uri": "http://cpv.data.ac.uk/code-45233162.html"
              }
            ],
            "quantity": 8,
            "unit": {
              "name": "Miles",
              "value": {
                "amount": 120000,
                "currency": "GBP"
              }
            }
          }
        ],
        "minValue": {
          "amount": 600000,
          "currency": "GBP"
        },
        "value": {
          "amount": 1100000,
          "currency": "GBP"
        },
        "procurementMethod": "open",
        "procurementMethodRationale": "An open competitive tender is required by EU Rules",
        "awardCriteria": "bestProposal",
        "awardCriteriaDetails": "The best proposal, subject to value for money requirements, will be accepted.",
        "submissionMethod": [
          "electronicSubmission"
        ],
        "submissionMethodDetails": "Submit through the online portal at http://example.com/submissions/ocds-213czf-000-00001-01/",
        "enquiryPeriod": {
          "startDate": "2010-03-01T09:00:00Z",
          "endDate": "2010-03-14T17:30:00Z"
        },
        "hasEnquiries": true,
        "tenderPeriod": {
          "startDate": "2010-03-01T09:00:00Z",
          "endDate": "2011-04-01T18:00:00Z"
        },
        "awardPeriod": {
          "startDate": "2010-06-01T00:00:00Z",
          "endDate": "2011-08-01T23:59:59Z"
        },
        "procuringEntity": {
          "id": "GB-LAC-E09000003",
          "name": "London Borough of Barnet"
        },
        "documents": [
          {
            "id": "0005",
            "documentType": "tenderNotice",
            "title": "Tender Notice",
            "description": "Official tender notice.",
            "url": "http://example.com/tender-notices/ocds-213czf-000-00001-01.html",
            "datePublished": "2010-03-01T09:00:00Z",
            "format": "text/html",
            "language": "en"
          },
          {
            "id": "0006",
            "documentType": "clarifications",
            "title": "Enquiry Responses",
            "description": "Responses to enquiries asked by interested parties.",
            "url": "http://example.com/enquiry-response/ocds-213czf-000-00001-01.html",
            "datePublished": "2010-03-20T11:30:15Z",
            "format": "text/html",
            "language": "en"
          }
        ],
        "amendments": [
          {
            "id": "update-1",
            "date": "2010-03-20T09:45:00Z",
            "rationale": "Update following enquiries.",
            "description": "Following the enquiry period, enquiries were received and responses to questions asked have been published. No changes to the overall tender details were made.",
            "amendsReleaseID": "ocds-213czf-000-00001-02-tender",
            "releaseID": "ocds-213czf-000-00001-03-tenderUpdate"
          }
        ]
      },
      "awards": [
        {
          "id": "ocds-213czf-000-00001-award-01",
          "title": "Award of contract to build new cycle lanes in the centre of town.",
          "description": "Balfour Beatty Plc has been awarded the contract to build new cycle lanes in the centre of town.",
          "status": "pending",
          "date": "2010-05-10T09:30:00Z",
          "value": {
            "amount": 11000000,
            "currency": "GBP"
          },
          "suppliers": [
            {
              "id": "GB-COH-00395826",
              "name": "Balfour Beatty"
            }
          ],
          "items": [
            {
              "id": "0001",
              "description": "string",
              "classification": {
                "scheme": "CPV",
                "id": "45233130",
                "description": "Construction work for highways",
                "uri": "http://cpv.data.ac.uk/code-45233130"
              },
              "additionalClassifications": [
                {
                  "scheme": "CPV",
                  "id": "45233162-2",
                  "description": "Cycle path construction work",
                  "uri": "http://cpv.data.ac.uk/code-45233162.html"
                }
              ],
              "quantity": 8,
              "unit": {
                "name": "Miles",
                "value": {
                  "amount": 137000,
                  "currency": "GBP"
                }
              }
            }
          ],
          "contractPeriod": {
            "startDate": "2010-07-01T00:00:00Z",
            "endDate": "2011-08-01T23:59:00Z"
          },
          "documents": [
            {
              "id": "0007",
              "documentType": "awardNotice",
              "title": "Award notice",
              "description": "Award of contract to build new cycle lanes in the centre of town to Balfour Beatty Plc.",
              "url": "http://example.com/tender-notices/ocds-213czf-000-00001-04.html",
              "datePublished": "2010-05-10T09:30:00Z",
              "format": "text/html",
              "language": "en"
            }
          ]
        }
      ]
    }
  ]
}
