{
  "uri": "https://standard.open-contracting.org/examples/releases/ocds-213czf-000-00001-04-award.json",
  "publishedDate": "2010-05-10T09:30:00Z",
  "publisher": {
    "scheme": "GB-COH",
    "uid": "09506232",
    "name": "Open Data Services Co-operative Limited",
    "uri": "https://standard.open-contracting.org/examples/"
  },
  "license": "http://opendatacommons.org/licenses/pddl/1.0/",
  "publicationPolicy": "https://github.com/open-contracting/sample-data/",
  "version": "1.1",
  "extensions": [],
  "releases": [
    {
      "ocid": "ocds-213czf-000-00001",
      "id": "ocds-213czf-000-00001-04-award",
      "date": "2010-05-10T09:30:00Z",
      "language": "en",
      "tag": [
        "award"
      ],
      "initiationType": "tender",
      "parties": [
        {
          "identifier": {
            "scheme": "GB-COH",
            "id": "09506232",
            "legalName": "Open Data Services"
          },
          "name": "Open Data Services",
          "contactPoint": {
            "name": "Procurement Team",
            "email": "contact@opendataservices.coop",
            "url": "https://opendataservices.coop/"
          },
          "roles": [
            "tenderer",
            "supplier"
          ],
          "id": "GB-COH-09506232"
        }
      ],
      "tender": {
        "id": "ocds-213czf-000-00001-01-tender",
        "title": "Open Data publication improvements",
        "status": "active",
        "tenderers": [
          {
            "id": "GB-COH-09506232",
            "name": "Open Data Services"
          }
        ]
      },
      "awards": [
        {
          "id": "ocds-213czf-000-00001-award-01",
          "title": "Award of contract to improve open data publications.",
          "status": "pending",
          "date": "2010-05-10T09:30:00Z",
          "value": {
            "amount": 11000000,
            "currency": "GBP"
          },
          "suppliers": [
            {
              "id": "GB-COH-09506232",
              "name": "Open Data Services"
            }
          ],
          "contractPeriod": {
            "startDate": "2010-07-01T00:00:00Z",
            "endDate": "2011-08-01T23:59:00Z"
          }
        }
      ]
    }
  ]
}
