{
  "extensions": [],
  "packages": [
    "https://standard.open-contracting.org/examples/releases/ocds-213czf-000-00001-01-planning.json#ocds-213czf-000-00001-01-planning",
    "https://standard.open-contracting.org/examples/releases/ocds-213czf-000-00001-02-tender.json#ocds-213czf-000-00001-02-tender",
    "https://standard.open-contracting.org/examples/releases/ocds-213czf-000-00001-03-tenderAmendment.json#ocds-213czf-000-00001-03-tenderAmendment",
    "https://standard.open-contracting.org/examples/releases/ocds-213czf-000-00001-03-tenderAmendment.json#ocds-213czf-000-00001-03-tenderUpdate",
    "https://standard.open-contracting.org/examples/releases/ocds-213czf-000-00001-04-award.json#ocds-213czf-000-00001-04-award",
    "https://standard.open-contracting.org/examples/releases/ocds-213czf-000-00001-05-contract.json#ocds-213czf-000-00001-05-contract",
    "https://standard.open-contracting.org/examples/releases/ocds-213czf-000-00001-05-contract.json#ocds-213czf-000-00001-06-implementation"
  ],
  "publishedDate": "2014-02-02T13:02:00Z",
  "publisher": {
    "name": "Open Data Services Co-operative Limited",
    "scheme": "GB-COH",
    "uid": "09506232",
    "uri": "https://standard.open-contracting.org/examples/"
  },
  "records": [
    {
      "compiledRelease": {
        "awards": [
          {
            "contractPeriod": {
              "endDate": "2011-08-01T23:59:00Z",
              "startDate": "2010-07-01T00:00:00Z"
            },
            "date": "2010-05-10T10:30:00Z",
            "description": "AnyCorp Ltd has been awarded the contract to build new cycle lanes in the centre of town.",
            "documents": [
              {
                "datePublished": "2010-05-10T10:30:00Z",
                "description": "Award of contract to build new cycle lanes in the centre of town to AnyCorp Ltd.",
                "documentType": "notice",
                "format": "text/html",
                "id": "0007",
                "language": "en",
                "title": "Award notice",
                "url": "http://example.com/tender-notices/ocds-213czf-000-00001-04.html"
              }
            ],
            "id": "ocds-213czf-000-00001-award-01",
            "items": [
              {
                "additionalClassifications": [
                  {
                    "description": "Cycle path construction work",
                    "id": "45233162-2",
                    "scheme": "CPV",
                    "uri": "http://cpv.data.ac.uk/code-45233162.html"
                  }
                ],
                "classification": {
                  "description": "Construction work for highways",
                  "id": "45233130",
                  "scheme": "CPV",
                  "uri": "http://cpv.data.ac.uk/code-45233130"
                },
                "description": "string",
                "id": "0001",
                "quantity": 8,
                "unit": {
                  "name": "Miles",
                  "value": {
                    "amount": 137000,
                    "currency": "GBP"
                  }
                }
              }
            ],
            "status": "active",
            "suppliers": [
              {
                "id": "GB-COH-1234567844",
                "name": "AnyCorp Cycle Provision"
              }
            ],
            "title": "Award of contract to build new cycle lanes in the centre of town.",
            "value": {
              "amount": 11000000,
              "currency": "GBP"
            }
          }
        ],
        "buyer": {
          "id": "GB-LAC-E09000003",
          "name": "London Borough of Barnet"
        },
        "contracts": [
          {
            "awardID": "ocds-213czf-000-00001-award-01",
            "dateSigned": "2015-06-10T14:23:12Z",
            "description": "Contract monitoring for cycle lane construction.",
            "documents": [
              {
                "datePublished": "2015-06-10T16:43:12Z",
                "description": "The Signed Contract for Cycle Path Construction",
                "documentType": "contractSigned",
                "format": "application/pdf",
                "id": "0008",
                "language": "en",
                "title": "Signed Contract",
                "url": "http://example.com/contracts/ocds-213czf-000-00001"
              },
              {
                "datePublished": "2010-12-15T15:34:02Z",
                "description": "Physical progress report for cycle path construction",
                "documentType": "physicalProcessReport",
                "format": "application/pdf",
                "id": "0009",
                "language": "en",
                "title": "Progress report",
                "url": "http://example.com/reports/ocds-213czf-000-00001/cycle-path-01.pdf"
              }
            ],
            "id": "ocds-213czf-000-00001-contract-01",
            "implementation": {
              "transactions": [
                {
                  "date": "2010-08-01T00:00:00Z",
                  "id": "ocds-213czf-000-00001-1",
                  "payee": {
                    "id": "GB-COH-1234567844",
                    "name": "AnyCorp Ltd"
                  },
                  "payer": {
                    "id": "GB-LAC-E09000003",
                    "name": "London Borough of Barnet"
                  },
                  "source": "https://openspending.org/uk-barnet-spending/",
                  "uri": "https://openspending.org/uk-barnet-spending/transaction/asd9235qaghvs1059620ywhgai",
                  "value": {
                    "amount": 500000,
                    "currency": "GBP"
                  }
                },
                {
                  "date": "2010-10-01T00:00:00Z",
                  "id": "ocds-213czf-000-00001-2",
                  "payee": {
                    "id": "GB-COH-1234567844",
                    "name": "AnyCorp Ltd"
                  },
                  "payer": {
                    "id": "GB-LAC-E09000003",
                    "name": "London Borough of Barnet"
                  },
                  "source": "https://openspending.org/uk-barnet-spending/",
                  "uri": "https://openspending.org/uk-barnet-spending/transaction/asd9235qaghvs105962as0012",
                  "value": {
                    "amount": 100000,
                    "currency": "GBP"
                  }
                }
              ]
            },
            "items": [
              {
                "additionalClassifications": [
                  {
                    "description": "Cycle path construction work",
                    "id": "45233162-2",
                    "scheme": "CPV",
                    "uri": "http://cpv.data.ac.uk/code-45233162.html"
                  }
                ],
                "classification": {
                  "description": "Construction work for highways",
                  "id": "45233130",
                  "scheme": "CPV",
                  "uri": "http://cpv.data.ac.uk/code-45233130"
                },
                "description": "string",
                "id": "0001",
                "quantity": 8,
                "unit": {
                  "name": "Miles",
                  "value": {
                    "amount": 137000,
                    "currency": "GBP"
                  }
                }
              }
            ],
            "period": {
              "endDate": "2011-08-01T23:59:00Z",
              "startDate": "2010-07-01T00:00:00Z"
            },
            "status": "active",
            "title": "Contract to build new cycle lanes in the centre of town.",
            "value": {
              "amount": 11000000,
              "currency": "GBP"
            }
          }
        ],
        "date": "2011-01-10T09:30:00Z",
        "id": "ocds-213czf-000-00001-06-implementation",
        "initiationType": "tender",
        "language": "en",
        "ocid": "ocds-213czf-000-00001",
        "parties": [
          {
            "address": {
              "countryName": "United Kingdom",
              "locality": "London",
              "postalCode": "N11 1NP",
              "region": "London",
              "streetAddress": "4, North London Business Park, Oakleigh Rd S"
            },
            "contactPoint": {
              "email": "procurement-team@example.com",
              "faxNumber": "01234 345 345",
              "name": "Procurement Team",
              "telephone": "01234 345 346",
              "url": "http://example.com/contact/"
            },
            "id": "GB-LAC-E09000003",
            "identifier": {
              "id": "E09000003",
              "legalName": "London Borough of Barnet",
              "scheme": "GB-LAC",
              "uri": "http://www.barnet.gov.uk/"
            },
            "name": "London Borough of Barnet",
            "roles": [
              "buyer",
              "buyer"
            ]
          },
          {
            "additionalIdentifiers": [
              {
                "id": "987654321",
                "scheme": "GB-VAT"
              }
            ],
            "address": {
              "countryName": "United Kingdom",
              "locality": "Anytown",
              "postalCode": "AN1 1TN",
              "region": "AnyCounty",
              "streetAddress": "100 Anytown Lane"
            },
            "contactPoint": {
              "email": "contracts@anycorp.example",
              "faxNumber": "12345 456 343",
              "name": "Contracts Team",
              "telephone": "12345 456 343"
            },
            "id": "GB-COH-1234567844",
            "identifier": {
              "id": "1234567844",
              "legalName": "AnyCorp Ltd",
              "scheme": "GB-COH",
              "uri": "http://www.anycorp.example"
            },
            "name": "AnyCorp Cycle Provision",
            "roles": [
              "supplier"
            ]
          }
        ],
        "planning": {
          "budget": {
            "amount": {
              "amount": 6700000.0,
              "currency": "GBP"
            },
            "description": "Budget allocation for highway maintenance, aligned with 2015 strategic plan. ",
            "id": "6801ad388f3a38b7740dde20108c58b35984ee91",
            "project": "Central Junction Cycle Scheme",
            "projectID": "SP001",
            "source": "https://openspending.org/uk-barnet-budget/entries/6801ad388f3a38b7740dde20108c58b35984ee91",
            "uri": "https://openspending.org/uk-barnet-budget/entries/6801ad388f3a38b7740dde20108c58b35984ee91"
          },
          "documents": [
            {
              "datePublished": "2009-01-05T00:00:00Z",
              "description": "The overall strategic framework for procurement to enhance cycle provision.",
              "documentType": "procurementPlan",
              "format": "application/pdf",
              "id": "0001",
              "language": "en",
              "title": "Area Wide Cycle Improvements - Procurement Plan",
              "url": "http://example.com/opencontracting/documents/planning/highways/procurementPlan.pdf"
            },
            {
              "datePublished": "2009-01-15T00:00:00Z",
              "description": "Needs assessment for provision for cyclists in the centre of town.",
              "documentType": "needsAssessment",
              "format": "application/pdf",
              "id": "0002",
              "language": "en",
              "title": "Cycle provision - Needs Assessment",
              "url": "http://example.com/opencontracting/documents/ocds-213czf-000-00001/needsAssessment.pdf"
            }
          ],
          "rationale": "The 2009 Strategic Plan identifies a need for an improved cycle route in the centre of town."
        },
        "tag": [
          "compiled"
        ],
        "tender": {
          "amendments": [
            {
              "amendsReleaseID": "ocds-213czf-000-00001-02-tender",
              "date": "2010-03-20T09:45:00Z",
              "description": "Following the enquiry period, enquiries were received and responses to questions asked have been published. No changes to the overall tender details were made.",
              "id": "update-1",
              "rationale": "Update following enquiries.",
              "releaseID": "ocds-213czf-000-00001-03-tenderUpdate"
            },
            {
              "amendsReleaseID": "ocds-213czf-000-00001-02-tender",
              "date": "2010-03-20T10:45:00Z",
              "description": "Following the enquiry period, a decision was made to increase the maximum value by 10%.",
              "id": "amendment-1",
              "rationale": "Revised value",
              "releaseID": "ocds-213czf-000-00001-03-tenderAmendment"
            }
          ],
          "awardCriteria": "bestProposal",
          "awardCriteriaDetails": "The best proposal, subject to value for money requirements, will be accepted.",
          "awardPeriod": {
            "endDate": "2011-08-01T23:59:59Z",
            "startDate": "2010-06-01T00:00:00Z"
          },
          "description": "Tenders solicited for work to build new cycle lanes in the centre of town.",
          "documents": [
            {
              "dateModified": "2015-02-15T00:00:00Z",
              "datePublished": "2015-02-15T00:00:00Z",
              "description": "A consultation document inviting citizen input into cycle provision.",
              "format": "text/html",
              "id": "0003",
              "language": "en",
              "title": "Consultation on cycle provision",
              "url": "http://example.com/consultations/cycle-provision/"
            },
            {
              "datePublished": "2015-02-15T00:00:00Z",
              "description": "A map showing areas affected by the planned highway updates. Available from local libraries.",
              "format": "offline/print",
              "id": "0004",
              "language": "en",
              "title": "Map of affected areas"
            },
            {
              "datePublished": "2010-03-01T09:00:00Z",
              "description": "Official tender notice.",
              "documentType": "notice",
              "format": "text/html",
              "id": "0005",
              "language": "en",
              "title": "Tender Notice",
              "url": "http://example.com/tender-notices/ocds-213czf-000-00001-01.html"
            },
            {
              "datePublished": "2010-03-20T11:30:15Z",
              "description": "Responses to enquiries asked by interested parties.",
              "documentType": "enquiryResponses",
              "format": "text/html",
              "id": "0006",
              "language": "en",
              "title": "Enquiry Responses",
              "url": "http://example.com/enquiry-response/ocds-213czf-000-00001-01.html"
            }
          ],
          "enquiryPeriod": {
            "endDate": "2010-03-14T17:30:00Z",
            "startDate": "2010-03-01T09:00:00Z"
          },
          "hasEnquiries": true,
          "id": "ocds-213czf-000-00001-01-tender",
          "items": [
            {
              "additionalClassifications": [
                {
                  "description": "Cycle path construction work",
                  "id": "45233162-2",
                  "scheme": "CPV",
                  "uri": "http://cpv.data.ac.uk/code-45233162.html"
                }
              ],
              "classification": {
                "description": "Construction work for highways",
                "id": "45233130",
                "scheme": "CPV",
                "uri": "http://cpv.data.ac.uk/code-45233130"
              },
              "description": "string",
              "id": "0001",
              "quantity": 8,
              "unit": {
                "name": "Miles",
                "value": {
                  "amount": 120000,
                  "currency": "GBP"
                }
              }
            }
          ],
          "milestones": [
            {
              "description": "A consultation period is open for citizen input to shape the final plans.",
              "dueDate": "2015-04-15T17:00:00Z",
              "id": "0001",
              "title": "Consultation Period"
            }
          ],
          "minValue": {
            "amount": 600000,
            "currency": "GBP"
          },
          "procurementMethod": "open",
          "procurementMethodRationale": "An open competitive tender is required by EU Rules",
          "procuringEntity": {
            "id": "GB-LAC-E09000003",
            "name": "London Borough of Barnet"
          },
          "status": "active",
          "submissionMethod": [
            "electronicSubmission"
          ],
          "submissionMethodDetails": "Submit through the online portal at http://example.com/submissions/ocds-213czf-000-00001-01/",
          "tenderPeriod": {
            "endDate": "2011-04-01T18:00:00Z",
            "startDate": "2010-03-01T09:00:00Z"
          },
          "title": "Planned cycle lane improvements",
          "value": {
            "amount": 1210000,
            "currency": "GBP"
          }
        }
      },
      "ocid": "ocds-213czf-000-00001",
      "releases": [
        {
          "ocid": "ocds-213czf-000-00001",
          "id": "ocds-213czf-000-00001-01-planning",
          "date": "2009-03-15T14:45:00Z",
          "language": "en",
          "tag": [
            "planning"
          ],
          "initiationType": "tender",
          "parties": [
            {
              "identifier": {
                "scheme": "GB-LAC",
                "id": "E09000003",
                "legalName": "London Borough of Barnet",
                "uri": "http://www.barnet.gov.uk/"
              },
              "name": "London Borough of Barnet",
              "address": {
                "streetAddress": "4, North London Business Park, Oakleigh Rd S",
                "locality": "London",
                "region": "London",
                "postalCode": "N11 1NP",
                "countryName": "United Kingdom"
              },
              "contactPoint": {
                "name": "Procurement Team",
                "email": "procurement-team@example.com",
                "telephone": "01234 345 346",
                "faxNumber": "01234 345 345",
                "url": "http://example.com/contact/"
              },
              "roles": [
                "procuringEntity",
                "buyer"
              ],
              "id": "GB-LAC-E09000003"
            }
          ],
          "buyer": {
            "id": "GB-LAC-E09000003",
            "name": "London Borough of Barnet"
          },
          "planning": {
            "budget": {
              "source": "https://openspending.org/uk-barnet-budget/entries/6801ad388f3a38b7740dde20108c58b35984ee91",
              "id": "6801ad388f3a38b7740dde20108c58b35984ee91",
              "description": "Budget allocation for highway maintenance, aligned with 2015 strategic plan. ",
              "amount": {
                "amount": 6700000.0,
                "currency": "GBP"
              },
              "project": "Central Junction Cycle Scheme",
              "projectID": "SP001",
              "uri": "https://openspending.org/uk-barnet-budget/entries/6801ad388f3a38b7740dde20108c58b35984ee91"
            },
            "rationale": "The 2009 Strategic Plan identifies a need for an improved cycle route in the centre of town.",
            "documents": [
              {
                "id": "0001",
                "documentType": "procurementPlan",
                "title": "Area Wide Cycle Improvements - Procurement Plan",
                "description": "The overall strategic framework for procurement to enhance cycle provision.",
                "url": "http://example.com/opencontracting/documents/planning/highways/procurementPlan.pdf",
                "datePublished": "2009-01-05T00:00:00Z",
                "format": "application/pdf",
                "language": "en"
              },
              {
                "id": "0002",
                "documentType": "needsAssessment",
                "title": "Cycle provision - Needs Assessment",
                "description": "Needs assessment for provision for cyclists in the centre of town.",
                "url": "http://example.com/opencontracting/documents/ocds-213czf-000-00001/needsAssessment.pdf",
                "datePublished": "2009-01-15T00:00:00Z",
                "format": "application/pdf",
                "language": "en"
              }
            ]
          },
          "tender": {
            "id": "ocds-213czf-000-00001-01-planning",
            "title": "Planned cycle lane improvements",
            "description": "The authority plans to tender for improvements to the cycle lane in early 2010. This notice provides advanced notice of the intention to tender, and details to upcoming consultation events.",
            "status": "planned",
            "items": [
              {
                "id": "0001",
                "description": "string",
                "classification": {
                  "scheme": "CPV",
                  "id": "45233130",
                  "description": "Construction work for highways",
                  "uri": "http://cpv.data.ac.uk/code-45233130"
                },
                "additionalClassifications": [
                  {
                    "scheme": "CPV",
                    "id": "45233162-2",
                    "description": "Cycle path construction work",
                    "uri": "http://cpv.data.ac.uk/code-45233162.html"
                  }
                ],
                "quantity": 10,
                "unit": {
                  "name": "Miles",
                  "value": {
                    "amount": 100000,
                    "currency": "GBP"
                  }
                }
              }
            ],
            "minValue": {
              "amount": 500000,
              "currency": "GBP"
            },
            "value": {
              "amount": 1000000,
              "currency": "GBP"
            },
            "procurementMethod": "open",
            "procurementMethodRationale": "An open competitive tender is required by EU Rules",
            "awardCriteria": "bestProposal",
            "awardCriteriaDetails": "The best proposal, subject to value for money requirements, will be accepted.",
            "tenderPeriod": {
              "startDate": "2010-02-01T00:00:00Z"
            },
            "awardPeriod": {
              "startDate": "2010-06-01T00:00:00Z",
              "endDate": "2011-06-01T23:59:59Z"
            },
            "procuringEntity": {
              "id": "GB-LAC-E09000003",
              "name": "London Borough of Barnet"
            },
            "documents": [
              {
                "id": "0003",
                "title": "Consultation on cycle provision",
                "description": "A consultation document inviting citizen input into cycle provision.",
                "url": "http://example.com/consultations/cycle-provision/",
                "datePublished": "2015-02-15T00:00:00Z",
                "dateModified": "2015-02-15T00:00:00Z",
                "format": "text/html",
                "language": "en"
              },
              {
                "id": "0004",
                "title": "Map of affected areas",
                "description": "A map showing areas affected by the planned highway updates. Available from local libraries.",
                "datePublished": "2015-02-15T00:00:00Z",
                "format": "offline/print",
                "language": "en"
              }
            ],
            "milestones": [
              {
                "id": "0001",
                "title": "Consultation Period",
                "description": "A consultation period is open for citizen input to shape the final plans.",
                "dueDate": "2015-04-15T17:00:00Z"
              }
            ]
          }
        },
        {
          "ocid": "ocds-213czf-000-00001",
          "id": "ocds-213czf-000-00001-02-tender",
          "date": "2010-03-15T09:30:00Z",
          "language": "en",
          "tag": [
            "tender"
          ],
          "initiationType": "tender",
          "parties": [
            {
              "identifier": {
                "scheme": "GB-LAC",
                "id": "E09000003",
                "legalName": "London Borough of Barnet",
                "uri": "http://www.barnet.gov.uk/"
              },
              "name": "London Borough of Barnet",
              "address": {
                "streetAddress": "4, North London Business Park, Oakleigh Rd S",
                "locality": "London",
                "region": "London",
                "postalCode": "N11 1NP",
                "countryName": "United Kingdom"
              },
              "contactPoint": {
                "name": "Procurement Team",
                "email": "procurement-team@example.com",
                "telephone": "01234 345 346",
                "faxNumber": "01234 345 345",
                "url": "http://example.com/contact/"
              },
              "roles": [
                "procuringEntity",
                "buyer"
              ],
              "id": "GB-LAC-E09000003"
            }
          ],
          "buyer": {
            "id": "GB-LAC-E09000003",
            "name": "London Borough of Barnet"
          },
          "tender": {
            "id": "ocds-213czf-000-00001-01-tender",
            "title": "Planned cycle lane improvements",
            "description": "Tenders solicited for work to build new cycle lanes in the centre of town.",
            "status": "active",
            "items": [
              {
                "id": "0001",
                "description": "string",
                "classification": {
                  "scheme": "CPV",
                  "id": "45233130",
                  "description": "Construction work for highways",
                  "uri": "http://cpv.data.ac.uk/code-45233130"
                },
                "additionalClassifications": [
                  {
                    "scheme": "CPV",
                    "id": "45233162-2",
                    "description": "Cycle path construction work",
                    "uri": "http://cpv.data.ac.uk/code-45233162.html"
                  }
                ],
                "quantity": 8,
                "unit": {
                  "name": "Miles",
                  "value": {
                    "amount": 120000,
                    "currency": "GBP"
                  }
                }
              }
            ],
            "minValue": {
              "amount": 600000,
              "currency": "GBP"
            },
            "value": {
              "amount": 1100000,
              "currency": "GBP"
            },
            "procurementMethod": "open",
            "procurementMethodRationale": "An open competitive tender is required by EU Rules",
            "awardCriteria": "bestProposal",
            "awardCriteriaDetails": "The best proposal, subject to value for money requirements, will be accepted.",
            "submissionMethod": [
              "electronicSubmission"
            ],
            "submissionMethodDetails": "Submit through the online portal at http://example.com/submissions/ocds-213czf-000-00001-01/",
            "enquiryPeriod": {
              "startDate": "2010-03-01T09:00:00Z",
              "endDate": "2010-03-14T17:30:00Z"
            },
            "hasEnquiries": false,
            "tenderPeriod": {
              "startDate": "2010-03-01T09:00:00Z",
              "endDate": "2011-04-01T18:00:00Z"
            },
            "awardPeriod": {
              "startDate": "2010-06-01T00:00:00Z",
              "endDate": "2011-08-01T23:59:59Z"
            },
            "procuringEntity": {
              "id": "GB-LAC-E09000003",
              "name": "London Borough of Barnet"
            },
            "documents": [
              {
                "id": "0005",
                "documentType": "notice",
                "title": "Tender Notice",
                "description": "Official tender notice.",
                "url": "http://example.com/tender-notices/ocds-213czf-000-00001-01.html",
                "datePublished": "2010-03-01T09:00:00Z",
                "format": "text/html",
                "language": "en"
              }
            ]
          }
        },
        {
          "ocid": "ocds-213czf-000-00001",
          "id": "ocds-213czf-000-00001-03-tenderAmendment",
          "date": "2010-03-20T10:45:00Z",
          "language": "en",
          "tag": [
            "tenderAmendment"
          ],
          "initiationType": "tender",
          "parties": [
            {
              "identifier": {
                "scheme": "GB-LAC",
                "id": "E09000003",
                "legalName": "London Borough of Barnet",
                "uri": "http://www.barnet.gov.uk/"
              },
              "name": "London Borough of Barnet",
              "address": {
                "streetAddress": "4, North London Business Park, Oakleigh Rd S",
                "locality": "London",
                "region": "London",
                "postalCode": "N11 1NP",
                "countryName": "United Kingdom"
              },
              "contactPoint": {
                "name": "Procurement Team",
                "email": "procurement-team@example.com",
                "telephone": "01234 345 346",
                "faxNumber": "01234 345 345",
                "url": "http://example.com/contact/"
              },
              "roles": [
                "procuringEntity",
                "buyer"
              ],
              "id": "GB-LAC-E09000003"
            }
          ],
          "buyer": {
            "id": "GB-LAC-E09000003",
            "name": "London Borough of Barnet"
          },
          "tender": {
            "id": "ocds-213czf-000-00001-01-tender",
            "title": "Planned cycle lane improvements",
            "description": "Tenders solicited for work to build new cycle lanes in the centre of town.",
            "status": "active",
            "items": [
              {
                "id": "0001",
                "description": "string",
                "classification": {
                  "scheme": "CPV",
                  "id": "45233130",
                  "description": "Construction work for highways",
                  "uri": "http://cpv.data.ac.uk/code-45233130"
                },
                "additionalClassifications": [
                  {
                    "scheme": "CPV",
                    "id": "45233162-2",
                    "description": "Cycle path construction work",
                    "uri": "http://cpv.data.ac.uk/code-45233162.html"
                  }
                ],
                "quantity": 8,
                "unit": {
                  "name": "Miles",
                  "value": {
                    "amount": 120000,
                    "currency": "GBP"
                  }
                }
              }
            ],
            "minValue": {
              "amount": 600000,
              "currency": "GBP"
            },
            "value": {
              "amount": 1210000,
              "currency": "GBP"
            },
            "procurementMethod": "open",
            "procurementMethodRationale": "An open competitive tender is required by EU Rules",
            "awardCriteria": "bestProposal",
            "awardCriteriaDetails": "The best proposal, subject to value for money requirements, will be accepted.",
            "submissionMethod": [
              "electronicSubmission"
            ],
            "submissionMethodDetails": "Submit through the online portal at http://example.com/submissions/ocds-213czf-000-00001-01/",
            "enquiryPeriod": {
              "startDate": "2010-03-01T09:00:00Z",
              "endDate": "2010-03-14T17:30:00Z"
            },
            "hasEnquiries": true,
            "tenderPeriod": {
              "startDate": "2010-03-01T09:00:00Z",
              "endDate": "2011-04-01T18:00:00Z"
            },
            "awardPeriod": {
              "startDate": "2010-06-01T00:00:00Z",
              "endDate": "2011-08-01T23:59:59Z"
            },
            "procuringEntity": {
              "id": "GB-LAC-E09000003",
              "name": "London Borough of Barnet"
            },
            "documents": [
              {
                "id": "0005",
                "documentType": "notice",
                "title": "Tender Notice",
                "description": "Official tender notice.",
                "url": "http://example.com/tender-notices/ocds-213czf-000-00001-01.html",
                "datePublished": "2010-03-01T09:00:00Z",
                "format": "text/html",
                "language": "en"
              },
              {
                "id": "0006",
                "documentType": "enquiryResponses",
                "title": "Enquiry Responses",
                "description": "Responses to enquiries asked by interested parties.",
                "url": "http://example.com/enquiry-response/ocds-213czf-000-00001-01.html",
                "datePublished": "2010-03-20T11:30:15Z",
                "format": "text/html",
                "language": "en"
              }
            ],
            "amendments": [
              {
                "id": "update-1",
                "date": "2010-03-20T09:45:00Z",
                "rationale": "Update following enquiries.",
                "description": "Following the enquiry period, enquiries were received and responses to questions asked have been published. No changes to the overall tender details were made.",
                "amendsReleaseID": "ocds-213czf-000-00001-02-tender",
                "releaseID": "ocds-213czf-000-00001-03-tenderUpdate"
              },
              {
                "id": "amendment-1",
                "date": "2010-03-20T10:45:00Z",
                "rationale": "Revised value",
                "description": "Following the enquiry period, a decision was made to increase the maximum value by 10%.",
                "amendsReleaseID": "ocds-213czf-000-00001-03-tenderUpdate",
                "releaseID": "ocds-213czf-000-00001-03-tenderAmendment"
              }
            ]
          }
        },
        {
          "ocid": "ocds-213czf-000-00001",
          "id": "ocds-213czf-000-00001-03-tenderUpdate",
          "date": "2010-03-20T09:45:00Z",
          "language": "en",
          "tag": [
            "tenderUpdate"
          ],
          "initiationType": "tender",
          "parties": [
            {
              "identifier": {
                "scheme": "GB-LAC",
                "id": "E09000003",
                "legalName": "London Borough of Barnet",
                "uri": "http://www.barnet.gov.uk/"
              },
              "name": "London Borough of Barnet",
              "address": {
                "streetAddress": "4, North London Business Park, Oakleigh Rd S",
                "locality": "London",
                "region": "London",
                "postalCode": "N11 1NP",
                "countryName": "United Kingdom"
              },
              "contactPoint": {
                "name": "Procurement Team",
                "email": "procurement-team@example.com",
                "telephone": "01234 345 346",
                "faxNumber": "01234 345 345",
                "url": "http://example.com/contact/"
              },
              "roles": [
                "procuringEntity",
                "buyer"
              ],
              "id": "GB-LAC-E09000003"
            }
          ],
          "buyer": {
            "id": "GB-LAC-E09000003",
            "name": "London Borough of Barnet"
          },
          "tender": {
            "id": "ocds-213czf-000-00001-01-tender",
            "title": "Planned cycle lane improvements",
            "description": "Tenders solicited for work to build new cycle lanes in the centre of town.",
            "status": "active",
            "items": [
              {
                "id": "0001",
                "description": "string",
                "classification": {
                  "scheme": "CPV",
                  "id": "45233130",
                  "description": "Construction work for highways",
                  "uri": "http://cpv.data.ac.uk/code-45233130"
                },
                "additionalClassifications": [
                  {
                    "scheme": "CPV",
                    "id": "45233162-2",
                    "description": "Cycle path construction work",
                    "uri": "http://cpv.data.ac.uk/code-45233162.html"
                  }
                ],
                "quantity": 8,
                "unit": {
                  "name": "Miles",
                  "value": {
                    "amount": 120000,
                    "currency": "GBP"
                  }
                }
              }
            ],
            "minValue": {
              "amount": 600000,
              "currency": "GBP"
            },
            "value": {
              "amount": 1100000,
              "currency": "GBP"
            },
            "procurementMethod": "open",
            "procurementMethodRationale": "An open competitive tender is required by EU Rules",
            "awardCriteria": "bestProposal",
            "awardCriteriaDetails": "The best proposal, subject to value for money requirements, will be accepted.",
            "submissionMethod": [
              "electronicSubmission"
            ],
            "submissionMethodDetails": "Submit through the online portal at http://example.com/submissions/ocds-213czf-000-00001-01/",
            "enquiryPeriod": {
              "startDate": "2010-03-01T09:00:00Z",
              "endDate": "2010-03-14T17:30:00Z"
            },
            "hasEnquiries": true,
            "tenderPeriod": {
              "startDate": "2010-03-01T09:00:00Z",
              "endDate": "2011-04-01T18:00:00Z"
            },
            "awardPeriod": {
              "startDate": "2010-06-01T00:00:00Z",
              "endDate": "2011-08-01T23:59:59Z"
            },
            "procuringEntity": {
              "id": "GB-LAC-E09000003",
              "name": "London Borough of Barnet"
            },
            "documents": [
              {
                "id": "0005",
                "documentType": "notice",
                "title": "Tender Notice",
                "description": "Official tender notice.",
                "url": "http://example.com/tender-notices/ocds-213czf-000-00001-01.html",
                "datePublished": "2010-03-01T09:00:00Z",
                "format": "text/html",
                "language": "en"
              },
              {
                "id": "0006",
                "documentType": "enquiryResponses",
                "title": "Enquiry Responses",
                "description": "Responses to enquiries asked by interested parties.",
                "url": "http://example.com/enquiry-response/ocds-213czf-000-00001-01.html",
                "datePublished": "2010-03-20T11:30:15Z",
                "format": "text/html",
                "language": "en"
              }
            ],
            "amendments": [
              {
                "id": "update-1",
                "date": "2010-03-20T09:45:00Z",
                "rationale": "Update following enquiries.",
                "description": "Following the enquiry period, enquiries were received and responses to questions asked have been published. No changes to the overall tender details were made.",
                "amendsReleaseID": "ocds-213czf-000-00001-02-tender",
                "releaseID": "ocds-213czf-000-00001-03-tenderUpdate"
              }
            ]
          }
        },
        {
          "ocid": "ocds-213czf-000-00001",
          "id": "ocds-213czf-000-00001-04-award",
          "date": "2010-05-10T09:30:00Z",
          "language": "en",
          "tag": [
            "award"
          ],
          "initiationType": "tender",
          "parties": [
            {
              "identifier": {
                "scheme": "GB-LAC",
                "id": "E09000003",
                "legalName": "London Borough of Barnet",
                "uri": "http://www.barnet.gov.uk/"
              },
              "name": "London Borough of Barnet",
              "address": {
                "streetAddress": "4, North London Business Park, Oakleigh Rd S",
                "locality": "London",
                "region": "London",
                "postalCode": "N11 1NP",
                "countryName": "United Kingdom"
              },
              "contactPoint": {
                "name": "Procurement Team",
                "email": "procurement-team@example.com",
                "telephone": "01234 345 346",
                "faxNumber": "01234 345 345",
                "url": "http://example.com/contact/"
              },
              "roles": [
                "buyer"
              ],
              "id": "GB-LAC-E09000003"
            },
            {
              "identifier": {
                "scheme": "GB-COH",
                "id": "1234567844",
                "legalName": "AnyCorp Ltd",
                "uri": "http://www.anycorp.example"
              },
              "additionalIdentifiers": [
                {
                  "scheme": "GB-VAT",
                  "id": "987654321"
                }
              ],
              "name": "AnyCorp Cycle Provision",
              "address": {
                "streetAddress": "100 Anytown Lane",
                "locality": "Anytown",
                "region": "AnyCounty",
                "postalCode": "AN1 1TN",
                "countryName": "United Kingdom"
              },
              "contactPoint": {
                "name": "Contracts Team",
                "email": "contracts@anycorp.example",
                "telephone": "12345 456 343",
                "faxNumber": "12345 456 343"
              },
              "roles": [
                "supplier"
              ],
              "id": "GB-COH-1234567844"
            }
          ],
          "buyer": {
            "id": "GB-LAC-E09000003",
            "name": "London Borough of Barnet"
          },
          "awards": [
            {
              "id": "ocds-213czf-000-00001-award-01",
              "title": "Award of contract to build new cycle lanes in the centre of town.",
              "description": "AnyCorp Ltd has been awarded the contract to build new cycle lanes in the centre of town.",
              "status": "pending",
              "date": "2010-05-10T09:30:00Z",
              "value": {
                "amount": 11000000,
                "currency": "GBP"
              },
              "suppliers": [
                {
                  "id": "GB-COH-1234567844",
                  "name": "AnyCorp Cycle Provision"
                }
              ],
              "items": [
                {
                  "id": "0001",
                  "description": "string",
                  "classification": {
                    "scheme": "CPV",
                    "id": "45233130",
                    "description": "Construction work for highways",
                    "uri": "http://cpv.data.ac.uk/code-45233130"
                  },
                  "additionalClassifications": [
                    {
                      "scheme": "CPV",
                      "id": "45233162-2",
                      "description": "Cycle path construction work",
                      "uri": "http://cpv.data.ac.uk/code-45233162.html"
                    }
                  ],
                  "quantity": 8,
                  "unit": {
                    "name": "Miles",
                    "value": {
                      "amount": 137000,
                      "currency": "GBP"
                    }
                  }
                }
              ],
              "contractPeriod": {
                "startDate": "2010-07-01T00:00:00Z",
                "endDate": "2011-08-01T23:59:00Z"
              },
              "documents": [
                {
                  "id": "0007",
                  "documentType": "notice",
                  "title": "Award notice",
                  "description": "Award of contract to build new cycle lanes in the centre of town to AnyCorp Ltd.",
                  "url": "http://example.com/tender-notices/ocds-213czf-000-00001-04.html",
                  "datePublished": "2010-05-10T09:30:00Z",
                  "format": "text/html",
                  "language": "en"
                }
              ]
            }
          ]
        },
        {
          "ocid": "ocds-213czf-000-00001",
          "id": "ocds-213czf-000-00001-05-contract",
          "date": "2010-05-10T10:30:00Z",
          "language": "en",
          "tag": [
            "contract"
          ],
          "initiationType": "tender",
          "parties": [
            {
              "identifier": {
                "scheme": "GB-LAC",
                "id": "E09000003",
                "legalName": "London Borough of Barnet",
                "uri": "http://www.barnet.gov.uk/"
              },
              "name": "London Borough of Barnet",
              "address": {
                "streetAddress": "4, North London Business Park, Oakleigh Rd S",
                "locality": "London",
                "region": "London",
                "postalCode": "N11 1NP",
                "countryName": "United Kingdom"
              },
              "contactPoint": {
                "name": "Procurement Team",
                "email": "procurement-team@example.com",
                "telephone": "01234 345 346",
                "faxNumber": "01234 345 345",
                "url": "http://example.com/contact/"
              },
              "roles": [
                "buyer"
              ],
              "id": "GB-LAC-E09000003"
            },
            {
              "identifier": {
                "scheme": "GB-COH",
                "id": "1234567844",
                "legalName": "AnyCorp Ltd",
                "uri": "http://www.anycorp.example"
              },
              "additionalIdentifiers": [
                {
                  "scheme": "GB-VAT",
                  "id": "987654321"
                }
              ],
              "name": "AnyCorp Cycle Provision",
              "address": {
                "streetAddress": "100 Anytown Lane",
                "locality": "Anytown",
                "region": "AnyCounty",
                "postalCode": "AN1 1TN",
                "countryName": "United Kingdom"
              },
              "contactPoint": {
                "name": "Contracts Team",
                "email": "contracts@anycorp.example",
                "telephone": "12345 456 343",
                "faxNumber": "12345 456 343"
              },
              "roles": [
                "supplier"
              ],
              "id": "GB-COH-1234567844"
            }
          ],
          "buyer": {
            "id": "GB-LAC-E09000003",
            "name": "London Borough of Barnet"
          },
          "awards": [
            {
              "id": "ocds-213czf-000-00001-award-01",
              "title": "Award of contract to build new cycle lanes in the centre of town.",
              "description": "AnyCorp Ltd has been awarded the contract to build new cycle lanes in the centre of town.",
              "status": "active",
              "date": "2010-05-10T10:30:00Z",
              "value": {
                "amount": 11000000,
                "currency": "GBP"
              },
              "suppliers": [
                {
                  "id": "GB-COH-1234567844",
                  "name": "AnyCorp Cycle Provision"
                }
              ],
              "items": [
                {
                  "id": "0001",
                  "description": "string",
                  "classification": {
                    "scheme": "CPV",
                    "id": "45233130",
                    "description": "Construction work for highways",
                    "uri": "http://cpv.data.ac.uk/code-45233130"
                  },
                  "additionalClassifications": [
                    {
                      "scheme": "CPV",
                      "id": "45233162-2",
                      "description": "Cycle path construction work",
                      "uri": "http://cpv.data.ac.uk/code-45233162.html"
                    }
                  ],
                  "quantity": 8,
                  "unit": {
                    "name": "Miles",
                    "value": {
                      "amount": 137000,
                      "currency": "GBP"
                    }
                  }
                }
              ],
              "contractPeriod": {
                "startDate": "2010-07-01T00:00:00Z",
                "endDate": "2011-08-01T23:59:00Z"
              },
              "documents": [
                {
                  "id": "0007",
                  "documentType": "notice",
                  "title": "Award notice",
                  "description": "Award of contract to build new cycle lanes in the centre of town to AnyCorp Ltd.",
                  "url": "http://example.com/tender-notices/ocds-213czf-000-00001-04.html",
                  "datePublished": "2010-05-10T10:30:00Z",
                  "format": "text/html",
                  "language": "en"
                }
              ]
            }
          ],
          "contracts": [
            {
              "id": "ocds-213czf-000-00001-contract-01",
              "awardID": "ocds-213czf-000-00001-award-01",
              "title": "Contract to build new cycle lanes in the centre of town.",
              "description": "A contract has been signed between the Council and AnyCorp Ltd for construction of new cycle lanes in the centre of town.",
              "status": "active",
              "period": {
                "startDate": "2010-07-01T00:00:00Z",
                "endDate": "2011-08-01T23:59:00Z"
              },
              "value": {
                "amount": 11000000,
                "currency": "GBP"
              },
              "items": [
                {
                  "id": "0001",
                  "description": "string",
                  "classification": {
                    "scheme": "CPV",
                    "id": "45233130",
                    "description": "Construction work for highways",
                    "uri": "http://cpv.data.ac.uk/code-45233130"
                  },
                  "additionalClassifications": [
                    {
                      "scheme": "CPV",
                      "id": "45233162-2",
                      "description": "Cycle path construction work",
                      "uri": "http://cpv.data.ac.uk/code-45233162.html"
                    }
                  ],
                  "quantity": 8,
                  "unit": {
                    "name": "Miles",
                    "value": {
                      "amount": 137000,
                      "currency": "GBP"
                    }
                  }
                }
              ],
              "dateSigned": "2015-06-10T14:23:12Z",
              "documents": [
                {
                  "id": "0008",
                  "documentType": "contractSigned",
                  "title": "Signed Contract",
                  "description": "The Signed Contract for Cycle Path Construction",
                  "url": "http://example.com/contracts/ocds-213czf-000-00001",
                  "datePublished": "2015-06-10T16:43:12Z",
                  "format": "application/pdf",
                  "language": "en"
                }
              ]
            }
          ]
        },
        {
          "ocid": "ocds-213czf-000-00001",
          "id": "ocds-213czf-000-00001-06-implementation",
          "date": "2011-01-10T09:30:00Z",
          "language": "en",
          "tag": [
            "implementation"
          ],
          "initiationType": "tender",
          "parties": [
            {
              "identifier": {
                "scheme": "GB-LAC",
                "id": "E09000003",
                "legalName": "London Borough of Barnet",
                "uri": "http://www.barnet.gov.uk/"
              },
              "name": "London Borough of Barnet",
              "address": {
                "streetAddress": "4, North London Business Park, Oakleigh Rd S",
                "locality": "London",
                "region": "London",
                "postalCode": "N11 1NP",
                "countryName": "United Kingdom"
              },
              "contactPoint": {
                "name": "Procurement Team",
                "email": "procurement-team@example.com",
                "telephone": "01234 345 346",
                "faxNumber": "01234 345 345",
                "url": "http://example.com/contact/"
              },
              "roles": [
                "buyer"
              ],
              "id": "GB-LAC-E09000003"
            },
            {
              "identifier": {
                "scheme": "GB-COH",
                "id": "1234567844",
                "legalName": "AnyCorp Ltd",
                "uri": "http://www.anycorp.example"
              },
              "additionalIdentifiers": [
                {
                  "scheme": "GB-VAT",
                  "id": "987654321"
                }
              ],
              "name": "AnyCorp Cycle Provision",
              "address": {
                "streetAddress": "100 Anytown Lane",
                "locality": "Anytown",
                "region": "AnyCounty",
                "postalCode": "AN1 1TN",
                "countryName": "United Kingdom"
              },
              "contactPoint": {
                "name": "Contracts Team",
                "email": "contracts@anycorp.example",
                "telephone": "12345 456 343",
                "faxNumber": "12345 456 343"
              },
              "roles": [
                "supplier"
              ],
              "id": "GB-COH-1234567844"
            }
          ],
          "buyer": {
            "id": "GB-LAC-E09000003",
            "name": "London Borough of Barnet"
          },
          "awards": [
            {
              "id": "ocds-213czf-000-00001-award-01",
              "title": "Award of contract to build new cycle lanes in the centre of town.",
              "description": "AnyCorp Ltd has been awarded the contract to build new cycle lanes in the centre of town.",
              "status": "active",
              "date": "2010-05-10T10:30:00Z",
              "value": {
                "amount": 11000000,
                "currency": "GBP"
              },
              "suppliers": [
                {
                  "id": "GB-COH-1234567844",
                  "name": "AnyCorp Cycle Provision"
                }
              ],
              "items": [
                {
                  "id": "0001",
                  "description": "string",
                  "classification": {
                    "scheme": "CPV",
                    "id": "45233130",
                    "description": "Construction work for highways",
                    "uri": "http://cpv.data.ac.uk/code-45233130"
                  },
                  "additionalClassifications": [
                    {
                      "scheme": "CPV",
                      "id": "45233162-2",
                      "description": "Cycle path construction work",
                      "uri": "http://cpv.data.ac.uk/code-45233162.html"
                    }
                  ],
                  "quantity": 8,
                  "unit": {
                    "name": "Miles",
                    "value": {
                      "amount": 137000,
                      "currency": "GBP"
                    }
                  }
                }
              ],
              "contractPeriod": {
                "startDate": "2010-07-01T00:00:00Z",
                "endDate": "2011-08-01T23:59:00Z"
              },
              "documents": [
                {
                  "id": "0007",
                  "documentType": "notice",
                  "title": "Award notice",
                  "description": "Award of contract to build new cycle lanes in the centre of town to AnyCorp Ltd.",
                  "url": "http://example.com/tender-notices/ocds-213czf-000-00001-04.html",
                  "datePublished": "2010-05-10T10:30:00Z",
                  "format": "text/html",
                  "language": "en"
                }
              ]
            }
          ],
          "contracts": [
            {
              "id": "ocds-213czf-000-00001-contract-01",
              "awardID": "ocds-213czf-000-00001-award-01",
              "title": "Contract to build new cycle lanes in the centre of town.",
              "description": "Contract monitoring for cycle lane construction.",
              "status": "active",
              "period": {
                "startDate": "2010-07-01T00:00:00Z",
                "endDate": "2011-08-01T23:59:00Z"
              },
              "value": {
                "amount": 11000000,
                "currency": "GBP"
              },
              "items": [
                {
                  "id": "0001",
                  "description": "string",
                  "classification": {
                    "scheme": "CPV",
                    "id": "45233130",
                    "description": "Construction work for highways",
                    "uri": "http://cpv.data.ac.uk/code-45233130"
                  },
                  "additionalClassifications": [
                    {
                      "scheme": "CPV",
                      "id": "45233162-2",
                      "description": "Cycle path construction work",
                      "uri": "http://cpv.data.ac.uk/code-45233162.html"
                    }
                  ],
                  "quantity": 8,
                  "unit": {
                    "name": "Miles",
                    "value": {
                      "amount": 137000,
                      "currency": "GBP"
                    }
                  }
                }
              ],
              "dateSigned": "2015-06-10T14:23:12Z",
              "documents": [
                {
                  "id": "0009",
                  "documentType": "physicalProcessReport",
                  "title": "Progress report",
                  "description": "Physical progress report for cycle path construction",
                  "url": "http://example.com/reports/ocds-213czf-000-00001/cycle-path-01.pdf",
                  "datePublished": "2010-12-15T15:34:02Z",
                  "format": "application/pdf",
                  "language": "en"
                }
              ],
              "implementation": {
                "transactions": [
                  {
                    "id": "ocds-213czf-000-00001-1",
                    "source": "https://openspending.org/uk-barnet-spending/",
                    "date": "2010-08-01T00:00:00Z",
                    "uri": "https://openspending.org/uk-barnet-spending/transaction/asd9235qaghvs1059620ywhgai",
                    "payer": {
                      "id": "GB-LAC-E09000003",
                      "name": "London Borough of Barnet"
                    },
                    "payee": {
                      "id": "GB-COH-1234567844",
                      "name": "AnyCorp Ltd"
                    },
                    "value": {
                      "amount": 500000,
                      "currency": "GBP"
                    }
                  },
                  {
                    "id": "ocds-213czf-000-00001-2",
                    "source": "https://openspending.org/uk-barnet-spending/",
                    "date": "2010-10-01T00:00:00Z",
                    "uri": "https://openspending.org/uk-barnet-spending/transaction/asd9235qaghvs105962as0012",
                    "payer": {
                      "id": "GB-LAC-E09000003",
                      "name": "London Borough of Barnet"
                    },
                    "payee": {
                      "id": "GB-COH-1234567844",
                      "name": "AnyCorp Ltd"
                    },
                    "value": {
                      "amount": 100000,
                      "currency": "GBP"
                    }
                  }
                ]
              }
            }
          ]
        }
      ]
    }
  ],
  "uri": "https://standard.open-contracting.org/examples/records/ocds-213czf-000-00001.json",
  "version": "1.1"
}
