{
  "uri": "https://www.contrataciones.gov.py/datos/api/v3/doc/ocds/releases/id/331547-adquisicion-maquinaria-implemento-vehiculo-3-1511346066",
  "publishedDate": "2020-03-23T17:15:00Z",
  "publisher": {
    "name": "Dirección Nacional de Contrataciones Públicas, Paraguay"
  },
  "license": "https://creativecommons.org/licenses/by/4.0/",
  "publicationPolicy": "https://www.contrataciones.gov.py/datos/legal",
  "version": "1.1",
  "releases": [
    {
      "id": "331547-adquisicion-maquinaria-implemento-vehiculo-3-1511346066",
      "awards": [
        {
          "id": "331547-kurosu-cia-sa-2",
          "status": "active",
          "date": "2017-10-30T12:00:00-04:00",
          "value": {
            "amount": 417343000,
            "currency": "PYG"
          },
          "suppliers": [
            {
              "name": "KUROSU Y CIA SA",
              "id": "PY-RUC-80002592-0"
            }
          ],
          "items": [
            {
              "id": "iFlsx1SrzT4=",
              "description": "ROTATIVA",
              "classification": {
                "scheme": "catalogoNivel5DNCP",
                "id": "26101510-001",
                "description": "Rotativa hidraulica",
                "uri": "https://www.contrataciones.gov.py/datos/api/v3/doc/itemClassification/n5/26101510-001"
              },
              "additionalClassifications": [
                {
                  "scheme": "UNSPSC",
                  "id": "26101510",
                  "description": "Maquinas rotativas",
                  "uri": "https://www.contrataciones.gov.py/datos/api/v3/doc/itemClassification/n4/26101510"
                }
              ],
              "quantity": 1,
              "unit": {
                "name": "Unidad",
                "id": "UNI",
                "value": {
                  "amount": 59500000,
                  "currency": "PYG"
                }
              },
              "relatedLot": "ux682+kLP2w="
            }
          ]
        }
      ],
      "tender": {
        "id": "331547-adquisicion-maquinaria-implemento-vehiculo-3",
        "title": "ADQUISICION DE MAQUINARIA, IMPLEMENTO Y VEHICULO",
        "status": "complete",
        "awardCriteria": "priceOnly",
        "awardCriteriaDetails": "Por Item",
        "submissionMethod": [
          "inPerson"
        ],
        "submissionMethodDetails": "Lugar entrega ofertas: MUNICIPALIDA DE LOMA PLATA || Lugar entrega bien: Según documento del llamado || Fecha entrega bien: Según documento del llamado",
        "eligibilityCriteria": "Restricciones: INHABILIDADES PREVISTAS EN EL ARTICULO 40 DE LA LEY 2051/03",
        "enquiriesAddress": {
          "streetAddress": "MUNICIPALIDA DE LOMA PLATA"
        },
        "mainProcurementCategoryDetails": "Bienes - Maquinarias, Equipos y herramientas mayores - Equipos de transporte",
        "hasEnquiries": false,
        "value": {
          "amount": 637000000,
          "currency": "PYG"
        },
        "datePublished": "2017-10-13T10:08:54-04:00",
        "tenderPeriod": {
          "startDate": "2017-10-13T10:08:54-04:00",
          "endDate": "2017-10-27T08:00:00-04:00",
          "durationInDays": 13
        },
        "awardPeriod": {
          "startDate": "2017-10-27T08:15:00-04:00"
        },
        "enquiryPeriod": {
          "endDate": "2017-10-24T15:00:00-04:00",
          "startDate": "2017-10-13T10:08:54-04:00",
          "durationInDays": 11
        },
        "mainProcurementCategory": "goods",
        "procurementMethod": "open",
        "procurementMethodDetails": "Concurso de Ofertas",
        "procuringEntity": {
          "id": "DNCP-SICP-CODE-321",
          "name": "Municipalidad de Loma Plata"
        },
        "lots": [
          {
            "id": "ux682+kLP2w=",
            "title": "2 - ROTATIVA",
            "status": "active",
            "value": {
              "amount": 32000000,
              "currency": "PYG"
            }
          }
        ],
        "items": [
          {
            "id": "T8wQt6GlGiC7aVwjYuAaiA==",
            "description": "TRACTOR 4X4",
            "classification": {
              "scheme": "catalogoNivel5DNCP",
              "id": "25101901-001",
              "description": "Tractor agricola",
              "uri": "https://www.contrataciones.gov.py/datos/api/v3/doc/itemClassification/n5/25101901-001"
            },
            "quantity": 1,
            "unit": {
              "name": "Unidad",
              "id": "UNI",
              "value": {
                "amount": 400000000,
                "currency": "PYG"
              }
            },
            "relatedLot": "ux682+kLP2w="
          }
        ],
        "numberOfTenderers": 2,
        "tenderers": [
          {
            "name": "CUEVAS HERMANOS S.A.",
            "id": "PY-RUC-80002465-6"
          },
          {
            "name": "KUROSU Y CIA SA",
            "id": "PY-RUC-80002592-0"
          }
        ]
      },
      "language": "es",
      "ocid": "ocds-03ad3f-331547-2",
      "date": "2017-11-22T10:21:06-04:00",
      "initiationType": "tender",
      "buyer": {
        "id": "DNCP-SICP-CODE-321",
        "name": "Municipalidad de Loma Plata"
      },
      "relatedProcesses": [
        {
          "id": "1",
          "relationship": [
            "unsuccessfulProcess"
          ],
          "scheme": "ocid",
          "identifier": "ocds-03ad3f-331547-1"
        }
      ],
      "planning": {
        "identifier": "331547",
        "estimatedDate": "2017-11-30T00:00:00-04:00",
        "budget": {
          "description": "ADQUISISCION DE MAQUINARIA, IMPLENTO Y VEHICULO",
          "amount": {
            "currency": "PYG",
            "amount": 700000000
          }
        }
      },
      "parties": [
        {
          "id": "DNCP-SICP-CODE-321",
          "name": "Municipalidad de Loma Plata",
          "identifier": {
            "scheme": "DNCP-SICP-CODE",
            "id": "321",
            "legalName": "Municipalidad de Loma Plata"
          },
          "contactPoint": {
            "email": "uoc_municip_lomaplata@hotmail.com",
            "name": "Armanda Armanda Acosta",
            "telephone": "0492 - 252163"
          },
          "roles": [
            "buyer",
            "procuringEntity"
          ],
          "additionalIdentifiers": [
            {
              "id": "2017.30.231",
              "legalName": "Municipalidad de Loma Plata",
              "scheme": "PY-PGN"
            }
          ]
        },
        {
          "name": "CUEVAS HERMANOS S.A.",
          "id": "PY-RUC-80002465-6",
          "identifier": {
            "id": "80002465-6",
            "legalName": "CUEVAS HERMANOS S.A.",
            "scheme": "PY-RUC"
          },
          "roles": [
            "supplier",
            "tenderer"
          ],
          "contactPoint": {
            "name": "DIDIER ARIAS QUIÑONEZ - NUFRO ARIAS GIRET - MARIA MAGDALENA QUIÑONEZ - LIZZIE ARIAS QUIÑONEZ - GISELLE ARIAS.",
            "email": "licitaciones@nissan.com.py",
            "faxNumber": "021/6198000",
            "url": "http://www.nissan.com.py"
          },
          "address": {
            "countryName": "Paraguay",
            "locality": "ASUNCION (DISTRITO)",
            "region": "Asunción",
            "streetAddress": "Mcal López 5557 c/Rogelio Benitez"
          }
        },
        {
          "name": "KUROSU Y CIA SA",
          "id": "PY-RUC-80002592-0",
          "identifier": {
            "id": "80002592-0",
            "legalName": "KUROSU Y CIA SA",
            "scheme": "PY-RUC"
          },
          "roles": [
            "tenderer",
            "supplier"
          ],
          "contactPoint": {
            "name": "JAIME HITOCHI KUROSU ISHIGAKI, EVA ROSA RODRIGUEZ DE HERMOSILLA, ANTONIO MACIEL ROTELA, MINA KUROSU ISHIGAKI, BASILIO JOSE RAMIREZ FLORES, NOEMI CLAUDIA CESPEDES(APODERADA)",
            "email": "rubensilvero@kurosu.com.py",
            "faxNumber": "214600",
            "telephone": "0983 123069 (R.Silvero)",
            "url": "http://www.kurosu.com.py"
          },
          "address": {
            "countryName": "Paraguay",
            "locality": "ENCARNACION",
            "region": "Itapúa",
            "streetAddress": "RUTA VI KM 6 - Bº ARROYO PORA"
          }
        }
      ],
      "tag": [
        "planning",
        "tender",
        "award"
      ]
    }
  ]
}
