{
  "uri": "https://www.contrataciones.gov.py/datos/api/v3/doc/ocds/releases/id/331547-servicio-rastreo-satelital-1-1511346066",
  "publishedDate": "2020-03-23T17:01:05Z",
  "publisher": {
    "name": "Dirección Nacional de Contrataciones Públicas, Paraguay"
  },
  "license": "https://creativecommons.org/licenses/by/4.0/",
  "publicationPolicy": "https://www.contrataciones.gov.py/datos/legal",
  "version": "1.1",
  "releases": [
    {
      "id": "331547-servicio-rastreo-satelital-1-1511346066",
      "tender": {
        "id": "331547-servicio-rastreo-satelital-1",
        "title": "SERVICIO DE RASTREO SATELITAL",
        "status": "unsuccessful",
        "awardCriteria": "priceOnly",
        "awardCriteriaDetails": "Por Total",
        "submissionMethod": [
          "inPerson"
        ],
        "submissionMethodDetails": "Lugar entrega ofertas: MUNICIPALIDAD DE LOMA PLATA || Lugar entrega bien: Según documento del llamado || Fecha entrega bien: Según documento del llamado",
        "eligibilityCriteria": "Restricciones: INHABILIDADES PREVISTAS EN EL ARTICULO 40 DE LA LEY 2051/03",
        "statusDetails": "Desierta",
        "enquiriesAddress": {
          "streetAddress": "MUNICIPALIDAD DE LOMA PLATA"
        },
        "mainProcurementCategoryDetails": "Bienes - Maquinarias, Equipos y herramientas mayores - Equipos de transporte",
        "hasEnquiries": false,
        "value": {
          "amount": 8100000,
          "currency": "PYG"
        },
        "tenderPeriod": {
          "startDate": "2017-05-03T09:53:46-04:00",
          "endDate": "2017-05-11T09:30:00-04:00",
          "durationInDays": 7
        },
        "awardPeriod": {
          "startDate": "2017-05-11T10:00:00-04:00"
        },
        "enquiryPeriod": {
          "endDate": "2017-05-05T11:00:00-04:00",
          "startDate": "2017-05-03T09:53:46-04:00",
          "durationInDays": 2
        },
        "mainProcurementCategory": "goods",
        "procurementMethod": "open",
        "procurementMethodDetails": "Contratación Directa",
        "procuringEntity": {
          "id": "DNCP-SICP-CODE-321",
          "name": "Municipalidad de Loma Plata"
        },
        "lots": [
          {
            "id": "+GmottIGrAE=",
            "title": "1 - SERVICIO DE RASTREO SATELITAL",
            "status": "unsuccessful",
            "value": {
              "amount": 8100000,
              "currency": "PYG"
            }
          }
        ],
        "items": [
          {
            "id": "+PMxGSG2jUzCpFMtx0fwgg==",
            "description": "Servicio de Rastreo Satelital",
            "classification": {
              "scheme": "catalogoNivel5DNCP",
              "id": "92121701-002",
              "description": "Servicio de Rastreo Satelital",
              "uri": "https://www.contrataciones.gov.py/datos/api/v3/doc/itemClassification/n5/92121701-002"
            },
            "quantity": 6,
            "unit": {
              "name": "Unidad",
              "id": "UNI",
              "value": {
                "amount": 1350000,
                "currency": "PYG"
              }
            },
            "relatedLot": "+GmottIGrAE="
          }
        ]
      },
      "language": "es",
      "ocid": "ocds-03ad3f-331547-1",
      "date": "2017-11-22T10:21:06-04:00",
      "initiationType": "tender",
      "buyer": {
        "id": "DNCP-SICP-CODE-321",
        "name": "Municipalidad de Loma Plata"
      },
      "parties": [
        {
          "id": "DNCP-SICP-CODE-321",
          "name": "Municipalidad de Loma Plata",
          "identifier": {
            "scheme": "DNCP-SICP-CODE",
            "id": "321",
            "legalName": "Municipalidad de Loma Plata"
          },
          "contactPoint": {
            "email": "uoc_municip_lomaplata@hotmail.com",
            "name": "Armanda  Armanda Acosta",
            "telephone": "0492  - 252163"
          },
          "roles": [
            "buyer",
            "procuringEntity"
          ]
        }
      ],
      "tag": [
        "tender"
      ]
    }
  ]
}
