{
  "uri": "https://www.contrataciones.gov.py/datos/api/v3/doc/ocds/releases/id/331547-servicio-rastreo-satelital-1-1511346066",
  "publishedDate": "2020-03-23T15:44:33Z",
  "publisher": {
    "name": "Dirección Nacional de Contrataciones Públicas, Paraguay"
  },
  "license": "https://creativecommons.org/licenses/by/4.0/",
  "publicationPolicy": "https://www.contrataciones.gov.py/datos/legal",
  "version": "1.1",
  "releases": [
    {
      "id": "331547-servicio-rastreo-satelital-1-1511346066",
      "language": "es",
      "ocid": "ocds-03ad3f-331547-1",
      "date": "2017-11-22T10:21:06-04:00",
      "initiationType": "tender",
      "buyer": {
        "id": "DNCP-SICP-CODE-321",
        "name": "Municipalidad de Loma Plata"
      },
      "planning": {
        "identifier": "331547",
        "budget": {
          "description": "ADQUISISCION DE MAQUINARIA, IMPLENTO Y VEHICULO",
          "amount": {
            "currency": "PYG",
            "amount": 700000000
          }
        }
      },
      "parties": [
        {
          "id": "DNCP-SICP-CODE-321",
          "name": "Municipalidad de Loma Plata",
          "identifier": {
            "scheme": "DNCP-SICP-CODE",
            "id": "321",
            "legalName": "Municipalidad de Loma Plata"
          },
          "contactPoint": {
            "email": "uoc_municip_lomaplata@hotmail.com",
            "name": "Armanda  Armanda Acosta",
            "telephone": "0492  - 252163"
          },
          "roles": [
            "buyer"
          ]
        }
      ],
      "tag": [
        "planning"
      ]
    }
  ]
}
