{
  "uri": "https://standard.open-contracting.org/examples/release/ocds-lcuori-4LOxWG-139-2011-1",
  "version": "1.1",
  "publishedDate": "2011-02-23T12:59:31.133000-06:00",
  "publisher": {
    "name": "Oficina Normativa de Contratación y Adquisiciones del Estado (ONCAE) / Honduras"
  },
  "license": "http://opendatacommons.org/licenses/pddl/1.0/",
  "publicationPolicy": "https://www.contrataciones.gov.py/datos/legal",
  "releases": [
    {
      "date": "2011-02-23T12:59:31.133000-06:00",
      "language": "es",
      "ocid": "ocds-lcuori-4LOxWG-139-2011-1",
      "initiationType": "tender",
      "tag": [
        "planning"
      ],
      "parties": [
        {
          "name": "Secretaría de Salud Pública - Hospital San Felipe",
          "roles": [
            "buyer",
            "procuringEntity"
          ],
          "address": {
            "region": "Francisco Morazan",
            "streetAddress": "Ave. Los Proceseres",
            "locality": "Tegucigalpa",
            "countryName": "Honduras"
          },
          "contactPoint": {
            "telephone": "236-5786",
            "name": "Dr. Arnoldo Zelaya Rodríguez",
            "faxNumber": "236-5786"
          },
          "identifier": {
            "scheme": "HN-ONCAE-H1",
            "id": "10001",
            "legalName": "Secretaría de Salud Pública"
          },
          "additionalIdentifiers": [
            {
              "scheme": "HN-ONCAE-UNIT",
              "id": "102",
              "legalName": "Hospital San Felipe"
            }
          ],
          "id": "HN-ONCAE-H1-10001"
        }
      ],
      "buyer": {
        "id": "HN-ONCAE-H1-10001",
        "name": "Secretaría de Salud Pública - Hospital San Felipe"
      },
      "tender": {
        "status": "planned",
        "description": "SOLICITADO POR LA BODEGA DE VIVERES, PARA SER UTILIZADO EN LA ALIMENTACION DE PACIENTES INTERNOS Y EMPLEADOS DE ESTE CENTRO ASISTENCIAL, DURANTE EL 4to. TRIMESTRE DEL 2019",
        "tenderPeriod": {
          "startDate": "2011-02-23T12:59:00-06:00",
          "endDate": "2011-02-28T12:59:00-06:00"
        },
        "title": "139-2011",
        "items": [
          {
            "quantity": 150,
            "description": "Huevos de gallina (cartones de 30 unidades)",
            "classification": {
              "scheme": "UNSPSC",
              "id": "50131606",
              "description": "Huevos frescos"
            },
            "id": "1"
          }
        ],
        "enquiryPeriod": {
          "startDate": "2011-02-23T12:59:00-06:00",
          "endDate": "2011-02-28T12:59:00-06:00"
        },
        "procuringEntity": {
          "id": "HN-ONCAE-H1-10001",
          "name": "Secretaría de Salud Pública - Hospital San Felipe"
        },
        "procurementMethod": "open",
        "procurementMethodDetails": "Compra Menor",
        "id": "4LOxWG-139-2011-1"
      },
      "id": "ocds-lcuori-4LOxWG-139-2011-1/2"
    }
  ]
}
