{
  "uri": "https://standard.open-contracting.org/examples/release/ocds-03ad3f-373449-1/1",
  "publishedDate": "2019-12-05T12:36:58-04:00",
  "publisher": {
    "name": "Dirección Nacional de Contrataciones Públicas, Paraguay"
  },
  "license": "https://creativecommons.org/licenses/by/4.0/",
  "publicationPolicy": "https://standard.open-contracting.org/examples/publicationPolicy/",
  "version": "1.1",
  "releases": [
    {
      "language": "es",
      "ocid": "ocds-03ad3f-373449-1",
      "id": "ocds-03ad3f-373449-1/1",
      "date": "2019-12-05T12:36:58-04:00",
      "initiationType": "tender",
      "tag": [
        "planning"
      ],
      "buyer": {
        "id": "PY-RUC-80001180-5",
        "name": "Facultad de Ciencias Médicas - Hospital de Clínicas"
      },
      "parties": [
        {
          "id": "PY-RUC-80001180-5",
          "name": "Facultad de Ciencias Médicas - Hospital de Clínicas",
          "identifier": {
            "scheme": "PY-RUC",
            "id": "80001180-5",
            "legalName": "FACULTAD DE CIENCIAS MEDICAS"
          },
          "roles": [
            "buyer",
            "procuringEntity",
            "payer"
          ],
          "address": {
            "streetAddress": "AVDA. MCAL LOPEZ ESQ. CORONEL CAZAL",
            "locality": "San Lorenzo",
            "region": "Central",
            "countryName": "Paraguay"
          },
          "contactPoint": {
            "name": "LIC. LIZ RAQUEL DUARTE QUINTANA",
            "telephone": "+595 21 683.930 INT. 102",
            "email": "uoc@med.una.py"
          }
        }
      ],
      "planning": {
        "budget": {
          "description": "Nombre de la Licitación ADQUISICION DE REACTIVOS E INSUMOS DE HEMOCENTRO Y UMT DEL HOSPITAL DE CLINICAS ? AD RERENDUM PRESUPUESTO 2020",
          "amount": {
            "currency": "PYG",
            "amount": 950000000
          }
        }
      },
      "tender": {
        "id": "359402",
        "description": "ADQUISICION DE REACTIVOS E INSUMOS DE HEMOCENTRO Y UMT DEL HOSPITAL DE CLINICAS ? AD RERENDUM PRESUPUESTO 2020",
        "status": "planned",
        "procurementMethod": "open",
        "mainProcurementCategory": "goods",
        "procuringEntity": {
          "id": "PY-RUC-80001180-5",
          "name": "Facultad de Ciencias Médicas - Hospital de Clínicas"
        },
        "value": {
          "amount": 895351000,
          "currency": "PYG"
        },
        "tenderPeriod": {
          "startDate": "2019-01-13T08:00:00-04:00",
          "endDate": "2019-01-28T11:00:00-04:00"
        },
        "items": [
          {
            "id": "41116105",
            "description": "Anti A Monoclonal",
            "quantity": 110,
            "unit": {
              "name": "Unidad",
              "value": {
                "amount": 44100,
                "currency": "PYG"
              }
            },
            "classification": {
              "scheme": "UNSPSC",
              "id": "41116105",
              "description": "Reactivos o soluciones quimicos"
            }
          },
          {
            "id": "41116002",
            "description": "REACTIVO PARA HIV",
            "quantity": 11500,
            "unit": {
              "name": "Unidad",
              "value": {
                "amount": 27000,
                "currency": "PYG"
              }
            },
            "classification": {
              "scheme": "UNSPSC",
              "id": "41116002",
              "description": "Reactivo para HIV"
            }
          },
          {
            "id": "42222308",
            "description": "Bolsa colectora de sangre",
            "quantity": 2000,
            "unit": {
              "name": "Unidad",
              "value": {
                "amount": 290000,
                "currency": "PYG"
              }
            },
            "classification": {
              "scheme": "UNSPSC",
              "id": "42222308",
              "description": "Bolsa colectora de sangre"
            }
          }
        ]
      }
    }
  ]
}
