{
  "uri": "https://standard.open-contracting.org/examples/",
  "version": "1.1",
  "publisher": {
    "uid": "80048717-6",
    "name": "Direccion Nacional de Contrataciones Públicas",
    "scheme": "PY-RUC",
    "uri": "https://standard.open-contracting.org/examples/"
  },
  "publishedDate": "2019-12-27T14:42:00Z",
  "license": "http://opendatacommons.org/licenses/pddl/1.0/",
  "publicationPolicy": "https://github.com/open-contracting/sample-data/",
  "releases": [
    {
      "date": "2019-12-27T14:42:00Z",
      "ocid": "ocds-213czf-371630",
      "id": "ocds-213czf-371630/610d5900f947bcf67100449999ea49ce",
      "tag": [
        "tender",
        "award"
      ],
      "initiationType": "tender",
      "parties": [
        {
          "id": "PY-RUC-80023736-6",
          "name": "City Hall of Juan de Mena",
          "identifier": {
            "scheme": "PY-RUC",
            "id": "80023736-6"
          }
        },
        {
          "id": "PY-RUC-80020095-0",
          "name": "Bosques del Parana SRL",
          "identifier": {
            "scheme": "PY-RUC",
            "id": "80020095-0"
          }
        }
      ],
      "buyer": {
        "id": "PY-RUC-80023736-6",
        "name": "City Hall of Juan de Mena"
      },
      "tender": {
        "id": "101",
        "title": "Cleaning services",
        "description": "Cleaning services for the City Hall, from 01/2020 to 12/2020",
        "status": "active",
        "procurementMethod": "direct",
        "value": {
          "amount": 144300000,
          "currency": "PYG"
        },
        "tenderPeriod": {
          "startDate": "2019-12-14T08:00:00Z",
          "endDate": "2019-12-14T08:30:00Z"
        }
      },
      "awards": [
        {
          "id": "371630",
          "date": "2019-12-26T14:00:00Z",
          "title": "Cleaning services",
          "description": "Cleaning services for the City Hall",
          "value": {
            "amount": 144300000,
            "currency": "PYG"
          },
          "suppliers": [
            {
              "id": "PY-RUC-80020095-0",
              "name": "Bosques del Parana SRL"
            }
          ]
        }
      ]
    }
  ]
}
