{
  "uri": "https://standard.open-contracting.org/examples/",
  "version": "1.1",
  "publisher": {
    "uid": "80048717-6",
    "name": "Direccion Nacional de Contrataciones Públicas",
    "scheme": "PY-RUC",
    "uri": "https://standard.open-contracting.org/examples/"
  },
  "publishedDate": "2019-12-01T09:00:00Z",
  "license": "http://opendatacommons.org/licenses/pddl/1.0/",
  "publicationPolicy": "https://github.com/open-contracting/sample-data/",
  "releases": [
    {
      "date": "2019-12-01T09:00:00Z",
      "ocid": "ocds-213czf-371630",
      "id": "ocds-213czf-371630/2019-12-01T09:00:00Z",
      "tag": [
        "tender"
      ],
      "initiationType": "tender",
      "parties": [
        {
          "id": "PY-RUC-80023736-6",
          "name": "City Hall of Juan de Mena",
          "identifier": {
            "scheme": "PY-RUC",
            "id": "80023736-6"
          }
        }
      ],
      "buyer": {
        "id": "PY-RUC-80023736-6",
        "name": "City Hall of Juan de Mena"
      },
      "tender": {
        "id": "101",
        "title": "Cleaning services",
        "description": "Cleaning services for the City Hall",
        "status": "active",
        "procurementMethod": "direct",
        "value": {
          "amount": 144300000,
          "currency": "PYG"
        },
        "tenderPeriod": {
          "startDate": "2019-12-14T08:00:00Z",
          "endDate": "2019-12-14T08:30:00Z"
        }
      }
    }
  ]
}
