{
  "uri": "https://standard.open-contracting.org/examples/releases/ocds-213czf-000-00001-04-award.json",
  "publishedDate": "2010-05-10T09:30:00Z",
  "publisher": {
    "scheme": "GB-COH",
    "uid": "09506232",
    "name": "Open Data Services Co-operative Limited",
    "uri": "https://standard.open-contracting.org/examples/"
  },
  "license": "http://opendatacommons.org/licenses/pddl/1.0/",
  "publicationPolicy": "https://github.com/open-contracting/sample-data/",
  "version": "1.1",
  "extensions": [],
  "releases": [
    {
      "ocid": "ocds-213czf-000-00001",
      "id": "ocds-213czf-000-00001-04-award",
      "date": "2010-05-10T09:30:00Z",
      "language": "en",
      "tag": [
        "award"
      ],
      "initiationType": "tender",
      "parties": [
        {
          "identifier": {
            "scheme": "GB-LAC",
            "id": "E09000003",
            "legalName": "London Borough of Barnet",
            "uri": "http://www.barnet.gov.uk/"
          },
          "name": "London Borough of Barnet",
          "address": {
            "streetAddress": "4, North London Business Park, Oakleigh Rd S",
            "locality": "London",
            "region": "London",
            "postalCode": "N11 1NP",
            "countryName": "United Kingdom"
          },
          "contactPoint": {
            "name": "Procurement Team",
            "email": "procurement-team@example.com",
            "telephone": "01234 345 346",
            "faxNumber": "01234 345 345",
            "url": "http://example.com/contact/"
          },
          "roles": [
            "buyer"
          ],
          "id": "GB-LAC-E09000003"
        },
        {
          "identifier": {
            "scheme": "GB-COH",
            "id": "1234567844",
            "legalName": "AnyCorp Ltd",
            "uri": "http://www.anycorp.example"
          },
          "additionalIdentifiers": [
            {
              "scheme": "GB-VAT",
              "id": "987654321"
            }
          ],
          "name": "AnyCorp Cycle Provision",
          "address": {
            "streetAddress": "100 Anytown Lane",
            "locality": "Anytown",
            "region": "AnyCounty",
            "postalCode": "AN1 1TN",
            "countryName": "United Kingdom"
          },
          "contactPoint": {
            "name": "Contracts Team",
            "email": "contracts@anycorp.example",
            "telephone": "12345 456 343",
            "faxNumber": "12345 456 343"
          },
          "roles": [
            "supplier"
          ],
          "id": "GB-COH-1234567844"
        }
      ],
      "buyer": {
        "id": "GB-LAC-E09000003",
        "name": "London Borough of Barnet"
      },
      "awards": [
        {
          "id": "ocds-213czf-000-00001-award-01",
          "title": "Award of contract to build new cycle lanes in the centre of town.",
          "description": "AnyCorp Ltd has been awarded the contract to build new cycle lanes in the centre of town.",
          "status": "pending",
          "date": "2010-05-10T09:30:00Z",
          "value": {
            "amount": 11000000,
            "currency": "GBP"
          },
          "suppliers": [
            {
              "id": "GB-COH-1234567844",
              "name": "AnyCorp Cycle Provision"
            }
          ],
          "items": [
            {
              "id": "0001",
              "description": "string",
              "classification": {
                "scheme": "CPV",
                "id": "45233130",
                "description": "Construction work for highways",
                "uri": "http://cpv.data.ac.uk/code-45233130"
              },
              "additionalClassifications": [
                {
                  "scheme": "CPV",
                  "id": "45233162-2",
                  "description": "Cycle path construction work",
                  "uri": "http://cpv.data.ac.uk/code-45233162.html"
                }
              ],
              "quantity": 8,
              "unit": {
                "name": "Miles",
                "value": {
                  "amount": 137000,
                  "currency": "GBP"
                }
              }
            }
          ],
          "contractPeriod": {
            "startDate": "2010-07-01T00:00:00Z",
            "endDate": "2011-08-01T23:59:00Z"
          },
          "documents": [
            {
              "id": "0007",
              "documentType": "notice",
              "title": "Award notice",
              "description": "Award of contract to build new cycle lanes in the centre of town to AnyCorp Ltd.",
              "url": "http://example.com/tender-notices/ocds-213czf-000-00001-04.html",
              "datePublished": "2010-05-10T09:30:00Z",
              "format": "text/html",
              "language": "en"
            }
          ]
        }
      ]
    }
  ]
}
