{
  "uri": "https://standard.open-contracting.org/examples/releases/ocds-213czf-000-00001-03-tenderAmendment.json",
  "publishedDate": "2010-03-20T09:45:00Z",
  "publisher": {
    "scheme": "GB-COH",
    "uid": "09506232",
    "name": "Open Data Services Co-operative Limited",
    "uri": "https://standard.open-contracting.org/examples/"
  },
  "license": "http://opendatacommons.org/licenses/pddl/1.0/",
  "publicationPolicy": "https://github.com/open-contracting/sample-data/",
  "version": "1.1",
  "extensions": [],
  "releases": [
    {
      "ocid": "ocds-213czf-000-00001",
      "id": "ocds-213czf-000-00001-03-tenderUpdate",
      "date": "2010-03-20T09:45:00Z",
      "language": "en",
      "tag": [
        "tenderUpdate"
      ],
      "initiationType": "tender",
      "parties": [
        {
          "identifier": {
            "scheme": "GB-LAC",
            "id": "E09000003",
            "legalName": "London Borough of Barnet",
            "uri": "http://www.barnet.gov.uk/"
          },
          "name": "London Borough of Barnet",
          "address": {
            "streetAddress": "4, North London Business Park, Oakleigh Rd S",
            "locality": "London",
            "region": "London",
            "postalCode": "N11 1NP",
            "countryName": "United Kingdom"
          },
          "contactPoint": {
            "name": "Procurement Team",
            "email": "procurement-team@example.com",
            "telephone": "01234 345 346",
            "faxNumber": "01234 345 345",
            "url": "http://example.com/contact/"
          },
          "roles": [
            "procuringEntity",
            "buyer"
          ],
          "id": "GB-LAC-E09000003"
        }
      ],
      "buyer": {
        "id": "GB-LAC-E09000003",
        "name": "London Borough of Barnet"
      },
      "tender": {
        "id": "ocds-213czf-000-00001-01-tender",
        "documents": [
          {
            "id": "0006",
            "documentType": "enquiryResponses",
            "title": "Enquiry Responses",
            "description": "Responses to enquiries asked by interested parties.",
            "url": "http://example.com/enquiry-response/ocds-213czf-000-00001-01.html",
            "datePublished": "2010-03-20T11:30:15Z",
            "format": "text/html",
            "language": "en"
          }
        ]
      }
    }
  ]
}
