{
  "uri": "http://example.com",
  "publisher": {
    "name": "Open Data Services Co-operative Ltd"
  },
  "publishedDate": "2020-01-17T00:00:00Z",
  "version": "1.1",
  "extensions": [
    "https://raw.githubusercontent.com/open-contracting-extensions/ocds_selectionCriteria_extension/master/extension.json"
  ],
  "releases": [
    {
      "ocid": "ocds-213czf-2d4d7408-4743-4d04-b57d-18d5ecdd8ef8",
      "id": "2020/S 014-028681",
      "date": "2020-01-17T00:00:00Z",
      "tag": [
        "tender"
      ],
      "initiationType": "tender",
      "buyer": {
        "name": "National Nuclear Laboratory"
      },
      "tender": {
        "id": "2020/S 014-028681",
        "description": "The NNL Preston Laboratory is located on the Springfields Fuels Ltd (SFL) site near Preston, Lancashire. NNL are carrying out their regulatory responsibilities as a Dutyholder to protect nuclear materials (NM) and other radioactive materials (ORM) from theft and sabotage by malicious threats. The facility operates under an approved nuclear site security plan in accordance with the Nuclear Industries Security Regulations (2003). This project is to further upgrade the physical protection system (PPS) arrangements at Preston Laboratory.",
        "classification": {
          "scheme": "CPV",
          "id": "35120000"
        },
        "tenderPeriod": {
          "endDate": "2020-02-17T12:00:00Z"
        },
        "procurementMethod": "selective",
        "selectionCriteria": {
          "criteria": [
            {
              "description": "The SSQ will be utilised. Responses to the SSQ will either be pass/fail, scored or for information only. The five top scoring suppliers will be taken through to award stage, following successful completion of a security audit. Further details can be found within the procurement documentation."
            }
          ]
        }
      }
    }
  ]
}
