{
  "uri": "http://example.com",
  "publisher": {
    "name": "Open Data Services Co-operative Ltd"
  },
  "publishedDate": "2017-06-14T00:00:00-04:00",
  "version": "1.1",
  "releases": [
    {
      "ocid": "ocds-213czf-2017-528",
      "id": "2017-528-01",
      "date": "2017-06-14T00:00:00-04:00",
      "tag": [
        "tender"
      ],
      "initiationType": "tender",
      "buyer": {
        "name": "Ministerio de Obras Públicas y Comunicaciones (MOPC)"
      },
      "tender": {
        "id": "2017-528",
        "title": "LLAMADO UEP ? MOPC N° 22/2017 EXPRESION DE INTERES SERVICIOS DE CONSULTORÍA PARA LA ELABORACIÓN DE ESTUDIOS DE FACTIBILIDAD Y DISEÑO FINAL DE INGENIERÍA DE TRAMOS DE CAMINOS VECINALES EN LOS DEPARTAMENTO DE SAN PEDRO, CAAGUAZU, CANINDEYU, CAAZAPA Y GUAIRA",
        "tenderPeriod": {
          "endDate": "2017-06-29T10:00:00-04:00"
        },
        "procurementMethod": "selective"
      }
    }
  ]
}
