{
  "uri": "http://example.com",
  "publisher": {
    "name": "Open Data Services Co-operative Ltd"
  },
  "publishedDate": "2019-02-22T00:00:00Z",
  "version": "1.1",
  "releases": [
    {
      "ocid": "ocds-213czf-b744019f-c7c3-4f78-8811-1845d0c18c8d",
      "id": "2019/S 040-090873",
      "date": "2019-02-22T00:00:00Z",
      "tag": [
        "tender"
      ],
      "initiationType": "tender",
      "buyer": {
        "name": "Bank of England"
      },
      "tender": {
        "id": "2019/S 040-090873",
        "description": "The Bank of England has a requirement for FM (M&E, security and cleaning) services at its site in Roehampton, SW15 5JQ.",
        "classification": {
          "scheme": "CPV",
          "id": "71300000"
        },
        "tenderPeriod": {
          "endDate": "2019-04-05T12:00:00Z"
        },
        "procurementMethod": "selective"
      }
    }
  ]
}
